
/home/runner/work/exp-rc-footing-bending-moment-coep/exp-rc-footing-bending-moment-coep/experiment/simulation/lib/jquery.js
  2:58     warning  'module' is not defined                                                    no-undef
  2:73     warning  'module' is not defined                                                    no-undef
  2:6324   warning  Expected a conditional expression and instead saw an assignment            no-cond-assign
  2:6580   warning  Expected a conditional expression and instead saw an assignment            no-cond-assign
  2:7011   warning  Expected a conditional expression and instead saw an assignment            no-cond-assign
  2:7270   warning  Empty block statement                                                      no-empty
  2:7839   warning  Expected a conditional expression and instead saw an assignment            no-cond-assign
  2:9709   warning  Expected a conditional expression and instead saw an assignment            no-cond-assign
  2:11311  warning  Expected a conditional expression and instead saw an assignment            no-cond-assign
  2:11887  warning  Expected a conditional expression and instead saw an assignment            no-cond-assign
  2:11925  warning  Expected a conditional expression and instead saw an assignment            no-cond-assign
  2:12343  warning  Empty block statement                                                      no-empty
  2:12906  warning  Expected a conditional expression and instead saw an assignment            no-cond-assign
  2:13218  warning  Expected a conditional expression and instead saw an assignment            no-cond-assign
  2:15046  warning  Expected a conditional expression and instead saw an assignment            no-cond-assign
  2:15317  warning  Expected a conditional expression and instead saw an assignment            no-cond-assign
  2:15517  warning  Expected a conditional expression and instead saw an assignment            no-cond-assign
  2:15893  warning  Do not access Object.prototype method 'hasOwnProperty' from target object  no-prototype-builtins
  2:16598  warning  Expected a conditional expression and instead saw an assignment            no-cond-assign
  2:18982  warning  Expected a conditional expression and instead saw an assignment            no-cond-assign
  2:19073  warning  Expected a conditional expression and instead saw an assignment            no-cond-assign
  2:19133  warning  Expected a conditional expression and instead saw an assignment            no-cond-assign
  2:20435  warning  Expected a conditional expression and instead saw an assignment            no-cond-assign
  2:21049  warning  Expected a conditional expression and instead saw an assignment            no-cond-assign
  2:21160  warning  Expected a conditional expression and instead saw an assignment            no-cond-assign
  2:23420  warning  Unnecessary escape character: \[                                           no-useless-escape
  2:23422  warning  Unnecessary escape character: \.                                           no-useless-escape
  2:30761  warning  Empty block statement                                                      no-empty
  2:31981  warning  Empty block statement                                                      no-empty
  3:7811   warning  Expected a conditional expression and instead saw an assignment            no-cond-assign
  3:7951   warning  Expected a conditional expression and instead saw an assignment            no-cond-assign
  3:8441   warning  Empty block statement                                                      no-empty
  3:11852  warning  Empty block statement                                                      no-empty
  3:14493  warning  Empty block statement                                                      no-empty
  3:24051  warning  Empty block statement                                                      no-empty
  3:26100  warning  Move function declaration to function body root                            no-inner-declarations
  3:30714  warning  Empty block statement                                                      no-empty
  4:2546   warning  Expected a conditional expression and instead saw an assignment            no-cond-assign
  4:5062   warning  Expected a conditional expression and instead saw an assignment            no-cond-assign
  4:11701  warning  Expected a conditional expression and instead saw an assignment            no-cond-assign
  4:13447  warning  Empty block statement                                                      no-empty
  4:14747  warning  Expected a conditional expression and instead saw an assignment            no-cond-assign
  4:14827  warning  Expected a conditional expression and instead saw an assignment            no-cond-assign
  4:15164  warning  Expected a conditional expression and instead saw an assignment            no-cond-assign
  4:15244  warning  Expected a conditional expression and instead saw an assignment            no-cond-assign
  4:15659  warning  Expected a conditional expression and instead saw an assignment            no-cond-assign
  4:15915  warning  Expected a conditional expression and instead saw an assignment            no-cond-assign
  4:16492  warning  Unnecessary escape character: \/                                           no-useless-escape
  4:17365  warning  Unnecessary escape character: \/                                           no-useless-escape
  4:17377  warning  Unnecessary escape character: \/                                           no-useless-escape
  4:17610  warning  Expected a conditional expression and instead saw an assignment            no-cond-assign
  4:20109  warning  Expected a conditional expression and instead saw an assignment            no-cond-assign
  4:22009  warning  Expected a conditional expression and instead saw an assignment            no-cond-assign
  4:27128  warning  Empty block statement                                                      no-empty
  4:27205  warning  Empty block statement                                                      no-empty
  5:812    warning  'define' is not defined                                                    no-undef
  5:824    warning  'define' is not defined                                                    no-undef

/home/runner/work/exp-rc-footing-bending-moment-coep/exp-rc-footing-bending-moment-coep/experiment/simulation/lib/jquery.min.js
  2:71     warning  'module' is not defined                                                    no-undef
  2:86     warning  'module' is not defined                                                    no-undef
  2:5433   warning  Unexpected control character(s) in regular expression: \x1f, \x1f          no-control-regex
  2:5916   warning  Expected a conditional expression and instead saw an assignment            no-cond-assign
  2:6170   warning  Expected a conditional expression and instead saw an assignment            no-cond-assign
  2:6614   warning  Expected a conditional expression and instead saw an assignment            no-cond-assign
  2:7404   warning  Expected a conditional expression and instead saw an assignment            no-cond-assign
  2:9497   warning  Expected a conditional expression and instead saw an assignment            no-cond-assign
  2:9807   warning  Expected a conditional expression and instead saw an assignment            no-cond-assign
  2:11608  warning  Expected a conditional expression and instead saw an assignment            no-cond-assign
  2:12183  warning  Expected a conditional expression and instead saw an assignment            no-cond-assign
  2:12221  warning  Expected a conditional expression and instead saw an assignment            no-cond-assign
  2:13234  warning  Expected a conditional expression and instead saw an assignment            no-cond-assign
  2:13546  warning  Expected a conditional expression and instead saw an assignment            no-cond-assign
  2:15374  warning  Expected a conditional expression and instead saw an assignment            no-cond-assign
  2:15645  warning  Expected a conditional expression and instead saw an assignment            no-cond-assign
  2:15843  warning  Expected a conditional expression and instead saw an assignment            no-cond-assign
  2:16217  warning  Do not access Object.prototype method 'hasOwnProperty' from target object  no-prototype-builtins
  2:16907  warning  Expected a conditional expression and instead saw an assignment            no-cond-assign
  2:18727  warning  Expected a conditional expression and instead saw an assignment            no-cond-assign
  2:18827  warning  Expected a conditional expression and instead saw an assignment            no-cond-assign
  2:18887  warning  Expected a conditional expression and instead saw an assignment            no-cond-assign
  2:19071  warning  Expected a conditional expression and instead saw an assignment            no-cond-assign
  2:20240  warning  Expected a conditional expression and instead saw an assignment            no-cond-assign
  2:21514  warning  Expected a conditional expression and instead saw an assignment            no-cond-assign
  2:21625  warning  Expected a conditional expression and instead saw an assignment            no-cond-assign
  2:23791  warning  Unnecessary escape character: \/                                           no-useless-escape
  2:33395  warning  Empty block statement                                                      no-empty
  2:37269  warning  Unnecessary escape character: \/                                           no-useless-escape
  2:38490  warning  Expected a conditional expression and instead saw an assignment            no-cond-assign
  2:38606  warning  Expected a conditional expression and instead saw an assignment            no-cond-assign
  2:39234  warning  Empty block statement                                                      no-empty
  2:46727  warning  Unnecessary escape character: \/                                           no-useless-escape
  2:49033  warning  Expected a conditional expression and instead saw an assignment            no-cond-assign
  2:50593  warning  Empty block statement                                                      no-empty
  2:58406  warning  Expected a conditional expression and instead saw an assignment            no-cond-assign
  2:59575  warning  Expected a conditional expression and instead saw an assignment            no-cond-assign
  2:65215  warning  Expected a conditional expression and instead saw an assignment            no-cond-assign
  2:66958  warning  Expected a conditional expression and instead saw an assignment            no-cond-assign
  2:67024  warning  Expected a conditional expression and instead saw an assignment            no-cond-assign
  2:67328  warning  Expected a conditional expression and instead saw an assignment            no-cond-assign
  2:67394  warning  Expected a conditional expression and instead saw an assignment            no-cond-assign
  2:67801  warning  Expected a conditional expression and instead saw an assignment            no-cond-assign
  2:68078  warning  Expected a conditional expression and instead saw an assignment            no-cond-assign
  2:73449  warning  Expected a conditional expression and instead saw an assignment            no-cond-assign
  2:75043  warning  Expected a conditional expression and instead saw an assignment            no-cond-assign
  2:75823  warning  'r.href' is assigned to itself                                             no-self-assign
  2:80414  warning  Empty block statement                                                      no-empty
  2:83525  warning  Expected a conditional expression and instead saw an assignment            no-cond-assign
  2:87869  warning  'define' is not defined                                                    no-undef
  2:87881  warning  'define' is not defined                                                    no-undef

/home/runner/work/exp-rc-footing-bending-moment-coep/exp-rc-footing-bending-moment-coep/experiment/simulation/lib/raphael.js
  5800:60  error  Parsing error: Deleting local variable in strict mode

/home/runner/work/exp-rc-footing-bending-moment-coep/exp-rc-footing-bending-moment-coep/experiment/simulation/lib/raphael.min.js
  1:66     warning  'module' is not defined                                                                                                                          no-undef
  1:112    warning  'define' is not defined                                                                                                                          no-undef
  1:123    warning  'define' is not defined                                                                                                                          no-undef
  1:161    warning  'exports' is not defined                                                                                                                         no-undef
  1:1566   warning  'DocumentTouch' is not defined                                                                                                                   no-undef
  1:2001   warning  Unnecessary escape character: \.                                                                                                                 no-useless-escape
  1:2017   warning  Unnecessary escape character: \.                                                                                                                 no-useless-escape
  1:2033   warning  Unnecessary escape character: \.                                                                                                                 no-useless-escape
  1:2052   warning  Unnecessary escape character: \.                                                                                                                 no-useless-escape
  1:2081   warning  Unnecessary escape character: \.                                                                                                                 no-useless-escape
  1:2110   warning  Unnecessary escape character: \.                                                                                                                 no-useless-escape
  1:2126   warning  Unnecessary escape character: \.                                                                                                                 no-useless-escape
  1:2145   warning  Unnecessary escape character: \.                                                                                                                 no-useless-escape
  1:2174   warning  Unnecessary escape character: \.                                                                                                                 no-useless-escape
  1:2203   warning  Unnecessary escape character: \.                                                                                                                 no-useless-escape
  1:2219   warning  Unnecessary escape character: \.                                                                                                                 no-useless-escape
  1:2238   warning  Unnecessary escape character: \.                                                                                                                 no-useless-escape
  1:2346   warning  Unnecessary escape character: \)                                                                                                                 no-useless-escape
  1:3257   warning  Unexpected control character(s) in regular expression: \x09, \x0a, \x0b, \x0c, \x0d, \x09, \x0a, \x0b, \x0c, \x0d                                no-control-regex
  1:3582   warning  Unexpected control character(s) in regular expression: \x09, \x0a, \x0b, \x0c, \x0d, \x09, \x0a, \x0b, \x0c, \x0d, \x09, \x0a, \x0b, \x0c, \x0d  no-control-regex
  1:3756   warning  Unnecessary escape character: \-                                                                                                                 no-useless-escape
  1:4055   warning  Unexpected control character(s) in regular expression: \x09, \x0a, \x0b, \x0c, \x0d, \x09, \x0a, \x0b, \x0c, \x0d, \x09, \x0a, \x0b, \x0c, \x0d  no-control-regex
  1:4222   warning  Unnecessary escape character: \-                                                                                                                 no-useless-escape
  1:4521   warning  Unexpected control character(s) in regular expression: \x09, \x0a, \x0b, \x0c, \x0d, \x09, \x0a, \x0b, \x0c, \x0d                                no-control-regex
  1:4539   warning  Unnecessary escape character: \-                                                                                                                 no-useless-escape
  1:4856   warning  Unexpected control character(s) in regular expression: \x09, \x0a, \x0b, \x0c, \x0d, \x09, \x0a, \x0b, \x0c, \x0d                                no-control-regex
  1:5154   warning  Unnecessary escape character: \)                                                                                                                 no-useless-escape
  1:7857   warning  'ActiveXObject' is not defined                                                                                                                   no-undef
  1:7931   warning  'createPopup' is not defined                                                                                                                     no-undef
  1:19015  warning  Expected a 'break' statement before 'default'                                                                                                    no-fallthrough
  1:20113  warning  Expected a 'break' statement before 'default'                                                                                                    no-fallthrough
  1:20421  warning  Expected a 'break' statement before 'default'                                                                                                    no-fallthrough
  1:24342  warning  Unnecessary escape character: \.                                                                                                                 no-useless-escape
  1:35757  warning  't' is defined but never used                                                                                                                    no-unused-vars
  1:49075  warning  'r' is defined but never used                                                                                                                    no-unused-vars
  1:50549  warning  'i' is defined but never used                                                                                                                    no-unused-vars
  1:50598  warning  'r' is defined but never used                                                                                                                    no-unused-vars
  1:52666  warning  Unnecessary escape character: \}                                                                                                                 no-useless-escape
  1:53074  warning  Empty block statement                                                                                                                            no-empty
  1:53754  warning  Unnecessary escape character: \)                                                                                                                 no-useless-escape
  1:60967  warning  Unnecessary escape character: \-                                                                                                                 no-useless-escape
  1:72245  warning  Unnecessary escape character: \-                                                                                                                 no-useless-escape
  1:72515  warning  Unnecessary escape character: \(                                                                                                                 no-useless-escape
  1:72517  warning  Unnecessary escape character: \)                                                                                                                 no-useless-escape
  1:75570  warning  Expected a conditional expression and instead saw an assignment                                                                                  no-cond-assign
  1:77369  warning  Expected a 'break' statement before 'case'                                                                                                       no-fallthrough
  1:77405  warning  Expected a 'break' statement before 'case'                                                                                                       no-fallthrough
  1:77447  warning  Expected a 'break' statement before 'case'                                                                                                       no-fallthrough
  1:77582  warning  Expected a 'break' statement before 'case'                                                                                                       no-fallthrough
  1:77619  warning  Expected a 'break' statement before 'case'                                                                                                       no-fallthrough
  1:77661  warning  Expected a 'break' statement before 'case'                                                                                                       no-fallthrough
  1:79325  warning  Expected a 'break' statement before 'case'                                                                                                       no-fallthrough
  1:79783  warning  Expected a 'break' statement before 'case'                                                                                                       no-fallthrough
  1:79973  warning  Expected a 'break' statement before 'default'                                                                                                    no-fallthrough
  1:80032  warning  Unnecessary escape character: \-                                                                                                                 no-useless-escape
  1:89485  warning  'r' is defined but never used                                                                                                                    no-unused-vars
  1:89543  warning  Unnecessary escape character: \.                                                                                                                 no-useless-escape
  1:89545  warning  Unnecessary escape character: \/                                                                                                                 no-useless-escape
  1:90733  warning  Unnecessary escape character: \.                                                                                                                 no-useless-escape
  1:90735  warning  Unnecessary escape character: \^                                                                                                                 no-useless-escape
  1:90739  warning  Unnecessary escape character: \[                                                                                                                 no-useless-escape
  1:90741  warning  Unnecessary escape character: \-                                                                                                                 no-useless-escape
  1:90780  warning  Unnecessary escape character: \.                                                                                                                 no-useless-escape
  1:90782  warning  Unnecessary escape character: \/                                                                                                                 no-useless-escape
  1:91000  warning  Do not access Object.prototype method 'hasOwnProperty' from target object                                                                        no-prototype-builtins

/home/runner/work/exp-rc-footing-bending-moment-coep/exp-rc-footing-bending-moment-coep/experiment/simulation/src/Calculation1.js
    8:5   warning  'calLengthFooting' is defined but never used  no-unused-vars
   11:5   warning  'bfVal' is assigned a value but never used    no-unused-vars
   15:10  warning  'Calculation' is defined but never used       no-unused-vars
   17:9   warning  'rangeValue1' is not defined                  no-undef
   18:2   warning  '$' is not defined                            no-undef
   19:25  warning  'workingPVal' is not defined                  no-undef
   20:27  warning  'workingMVal' is not defined                  no-undef
   22:2   warning  Mixed spaces and tabs                         no-mixed-spaces-and-tabs
   23:2   warning  Mixed spaces and tabs                         no-mixed-spaces-and-tabs
   24:2   warning  Mixed spaces and tabs                         no-mixed-spaces-and-tabs
   25:1   warning  Mixed spaces and tabs                         no-mixed-spaces-and-tabs
   26:2   warning  Mixed spaces and tabs                         no-mixed-spaces-and-tabs
   27:2   warning  Mixed spaces and tabs                         no-mixed-spaces-and-tabs
   28:2   warning  Mixed spaces and tabs                         no-mixed-spaces-and-tabs
   29:2   warning  Mixed spaces and tabs                         no-mixed-spaces-and-tabs
   30:2   warning  Mixed spaces and tabs                         no-mixed-spaces-and-tabs
   31:2   warning  Mixed spaces and tabs                         no-mixed-spaces-and-tabs
   32:1   warning  Mixed spaces and tabs                         no-mixed-spaces-and-tabs
   33:2   warning  Mixed spaces and tabs                         no-mixed-spaces-and-tabs
   34:2   warning  Mixed spaces and tabs                         no-mixed-spaces-and-tabs
   35:2   warning  Mixed spaces and tabs                         no-mixed-spaces-and-tabs
   36:2   warning  Mixed spaces and tabs                         no-mixed-spaces-and-tabs
   37:2   warning  Mixed spaces and tabs                         no-mixed-spaces-and-tabs
   38:2   warning  Mixed spaces and tabs                         no-mixed-spaces-and-tabs
   39:1   warning  Mixed spaces and tabs                         no-mixed-spaces-and-tabs
   39:67  warning  'workingPVal' is not defined                  no-undef
   40:2   warning  Mixed spaces and tabs                         no-mixed-spaces-and-tabs
   41:2   warning  Mixed spaces and tabs                         no-mixed-spaces-and-tabs
   42:2   warning  Mixed spaces and tabs                         no-mixed-spaces-and-tabs
   43:2   warning  Mixed spaces and tabs                         no-mixed-spaces-and-tabs
   44:2   warning  Mixed spaces and tabs                         no-mixed-spaces-and-tabs
   45:2   warning  Mixed spaces and tabs                         no-mixed-spaces-and-tabs
   46:2   warning  Mixed spaces and tabs                         no-mixed-spaces-and-tabs
   47:2   warning  Mixed spaces and tabs                         no-mixed-spaces-and-tabs
   48:2   warning  Mixed spaces and tabs                         no-mixed-spaces-and-tabs
   49:2   warning  Mixed spaces and tabs                         no-mixed-spaces-and-tabs
   50:2   warning  Mixed spaces and tabs                         no-mixed-spaces-and-tabs
   51:2   warning  Mixed spaces and tabs                         no-mixed-spaces-and-tabs
   52:2   warning  Mixed spaces and tabs                         no-mixed-spaces-and-tabs
   53:2   warning  Mixed spaces and tabs                         no-mixed-spaces-and-tabs
   54:1   warning  Mixed spaces and tabs                         no-mixed-spaces-and-tabs
   55:2   warning  Mixed spaces and tabs                         no-mixed-spaces-and-tabs
   56:2   warning  Mixed spaces and tabs                         no-mixed-spaces-and-tabs
   57:2   warning  Mixed spaces and tabs                         no-mixed-spaces-and-tabs
   58:2   warning  Mixed spaces and tabs                         no-mixed-spaces-and-tabs
   59:2   warning  Mixed spaces and tabs                         no-mixed-spaces-and-tabs
   60:2   warning  Mixed spaces and tabs                         no-mixed-spaces-and-tabs
   61:1   warning  Mixed spaces and tabs                         no-mixed-spaces-and-tabs
   62:2   warning  Mixed spaces and tabs                         no-mixed-spaces-and-tabs
   63:2   warning  Mixed spaces and tabs                         no-mixed-spaces-and-tabs
   64:2   warning  Mixed spaces and tabs                         no-mixed-spaces-and-tabs
   66:2   warning  Mixed spaces and tabs                         no-mixed-spaces-and-tabs
   67:2   warning  Mixed spaces and tabs                         no-mixed-spaces-and-tabs
   68:2   warning  Mixed spaces and tabs                         no-mixed-spaces-and-tabs
   69:2   warning  Mixed spaces and tabs                         no-mixed-spaces-and-tabs
   70:2   warning  Mixed spaces and tabs                         no-mixed-spaces-and-tabs
   71:2   warning  Mixed spaces and tabs                         no-mixed-spaces-and-tabs
   72:2   warning  Mixed spaces and tabs                         no-mixed-spaces-and-tabs
   73:2   warning  Mixed spaces and tabs                         no-mixed-spaces-and-tabs
   74:2   warning  Mixed spaces and tabs                         no-mixed-spaces-and-tabs
   75:2   warning  Mixed spaces and tabs                         no-mixed-spaces-and-tabs
   76:2   warning  Mixed spaces and tabs                         no-mixed-spaces-and-tabs
   77:2   warning  Mixed spaces and tabs                         no-mixed-spaces-and-tabs
   85:2   warning  Mixed spaces and tabs                         no-mixed-spaces-and-tabs
   86:2   warning  Mixed spaces and tabs                         no-mixed-spaces-and-tabs
   87:2   warning  Mixed spaces and tabs                         no-mixed-spaces-and-tabs
   88:2   warning  Mixed spaces and tabs                         no-mixed-spaces-and-tabs
   89:2   warning  Mixed spaces and tabs                         no-mixed-spaces-and-tabs
   90:2   warning  Mixed spaces and tabs                         no-mixed-spaces-and-tabs
   91:2   warning  Mixed spaces and tabs                         no-mixed-spaces-and-tabs
   92:2   warning  Mixed spaces and tabs                         no-mixed-spaces-and-tabs
   93:2   warning  Mixed spaces and tabs                         no-mixed-spaces-and-tabs
   94:2   warning  Mixed spaces and tabs                         no-mixed-spaces-and-tabs
   95:2   warning  Mixed spaces and tabs                         no-mixed-spaces-and-tabs
   96:1   warning  Mixed spaces and tabs                         no-mixed-spaces-and-tabs
   97:2   warning  Mixed spaces and tabs                         no-mixed-spaces-and-tabs
   98:2   warning  Mixed spaces and tabs                         no-mixed-spaces-and-tabs
   99:2   warning  Mixed spaces and tabs                         no-mixed-spaces-and-tabs
  100:2   warning  Mixed spaces and tabs                         no-mixed-spaces-and-tabs
  101:2   warning  Mixed spaces and tabs                         no-mixed-spaces-and-tabs
  102:2   warning  Mixed spaces and tabs                         no-mixed-spaces-and-tabs
  103:2   warning  Mixed spaces and tabs                         no-mixed-spaces-and-tabs
  104:2   warning  Mixed spaces and tabs                         no-mixed-spaces-and-tabs
  105:2   warning  Mixed spaces and tabs                         no-mixed-spaces-and-tabs
  106:2   warning  Mixed spaces and tabs                         no-mixed-spaces-and-tabs
  107:2   warning  Mixed spaces and tabs                         no-mixed-spaces-and-tabs
  108:2   warning  Mixed spaces and tabs                         no-mixed-spaces-and-tabs
  109:2   warning  Mixed spaces and tabs                         no-mixed-spaces-and-tabs
  110:2   warning  Mixed spaces and tabs                         no-mixed-spaces-and-tabs
  111:2   warning  Mixed spaces and tabs                         no-mixed-spaces-and-tabs
  112:2   warning  Mixed spaces and tabs                         no-mixed-spaces-and-tabs
  113:1   warning  Mixed spaces and tabs                         no-mixed-spaces-and-tabs
  114:1   warning  Mixed spaces and tabs                         no-mixed-spaces-and-tabs
  115:2   warning  Mixed spaces and tabs                         no-mixed-spaces-and-tabs
  116:1   warning  Mixed spaces and tabs                         no-mixed-spaces-and-tabs
  117:1   warning  Mixed spaces and tabs                         no-mixed-spaces-and-tabs
  118:1   warning  Mixed spaces and tabs                         no-mixed-spaces-and-tabs
  119:1   warning  Mixed spaces and tabs                         no-mixed-spaces-and-tabs
  120:2   warning  Mixed spaces and tabs                         no-mixed-spaces-and-tabs
  121:1   warning  Mixed spaces and tabs                         no-mixed-spaces-and-tabs
  122:1   warning  Mixed spaces and tabs                         no-mixed-spaces-and-tabs
  123:1   warning  Mixed spaces and tabs                         no-mixed-spaces-and-tabs
  124:1   warning  Mixed spaces and tabs                         no-mixed-spaces-and-tabs
  125:2   warning  Mixed spaces and tabs                         no-mixed-spaces-and-tabs
  127:2   warning  Mixed spaces and tabs                         no-mixed-spaces-and-tabs
  129:1   warning  Mixed spaces and tabs                         no-mixed-spaces-and-tabs
  130:1   warning  Mixed spaces and tabs                         no-mixed-spaces-and-tabs
  131:2   warning  Mixed spaces and tabs                         no-mixed-spaces-and-tabs
  131:6   warning  '$' is not defined                            no-undef
  133:2   warning  Mixed spaces and tabs                         no-mixed-spaces-and-tabs
  133:6   warning  '$' is not defined                            no-undef
  135:3   warning  Mixed spaces and tabs                         no-mixed-spaces-and-tabs
  135:22  warning  '$' is not defined                            no-undef
  137:3   warning  Mixed spaces and tabs                         no-mixed-spaces-and-tabs
  138:3   warning  Mixed spaces and tabs                         no-mixed-spaces-and-tabs
  139:3   warning  Mixed spaces and tabs                         no-mixed-spaces-and-tabs
  140:3   warning  Mixed spaces and tabs                         no-mixed-spaces-and-tabs
  141:3   warning  Mixed spaces and tabs                         no-mixed-spaces-and-tabs
  141:12  warning  '$' is not defined                            no-undef
  142:3   warning  Mixed spaces and tabs                         no-mixed-spaces-and-tabs
  142:12  warning  'toastr' is not defined                       no-undef
  143:3   warning  Mixed spaces and tabs                         no-mixed-spaces-and-tabs
  144:3   warning  Mixed spaces and tabs                         no-mixed-spaces-and-tabs
  145:3   warning  Mixed spaces and tabs                         no-mixed-spaces-and-tabs
  146:3   warning  Mixed spaces and tabs                         no-mixed-spaces-and-tabs
  146:9   warning  '$' is not defined                            no-undef
  147:3   warning  Mixed spaces and tabs                         no-mixed-spaces-and-tabs
  147:9   warning  'toastr' is not defined                       no-undef
  148:3   warning  Mixed spaces and tabs                         no-mixed-spaces-and-tabs
  149:3   warning  Mixed spaces and tabs                         no-mixed-spaces-and-tabs
  150:3   warning  Mixed spaces and tabs                         no-mixed-spaces-and-tabs
  151:3   warning  Mixed spaces and tabs                         no-mixed-spaces-and-tabs
  151:9   warning  'toastr' is not defined                       no-undef
  152:3   warning  Mixed spaces and tabs                         no-mixed-spaces-and-tabs
  153:3   warning  Mixed spaces and tabs                         no-mixed-spaces-and-tabs
  154:3   warning  Mixed spaces and tabs                         no-mixed-spaces-and-tabs
  155:3   warning  Mixed spaces and tabs                         no-mixed-spaces-and-tabs
  155:9   warning  '$' is not defined                            no-undef
  156:3   warning  Mixed spaces and tabs                         no-mixed-spaces-and-tabs
  156:9   warning  '$' is not defined                            no-undef
  157:3   warning  Mixed spaces and tabs                         no-mixed-spaces-and-tabs
  157:52  warning  'workingPVal' is not defined                  no-undef
  158:3   warning  Mixed spaces and tabs                         no-mixed-spaces-and-tabs
  158:65  warning  'workingPVal' is not defined                  no-undef
  159:3   warning  Mixed spaces and tabs                         no-mixed-spaces-and-tabs
  160:3   warning  Mixed spaces and tabs                         no-mixed-spaces-and-tabs
  161:3   warning  Mixed spaces and tabs                         no-mixed-spaces-and-tabs
  161:9   warning  '$' is not defined                            no-undef
  162:3   warning  Mixed spaces and tabs                         no-mixed-spaces-and-tabs
  162:9   warning  '$' is not defined                            no-undef
  163:3   warning  Mixed spaces and tabs                         no-mixed-spaces-and-tabs
  165:3   warning  Mixed spaces and tabs                         no-mixed-spaces-and-tabs
  167:3   warning  Mixed spaces and tabs                         no-mixed-spaces-and-tabs
  170:2   warning  Mixed spaces and tabs                         no-mixed-spaces-and-tabs
  172:4   warning  '$' is not defined                            no-undef
  174:4   warning  Mixed spaces and tabs                         no-mixed-spaces-and-tabs
  174:6   warning  'areaFooting' is not defined                  no-undef
  174:18  warning  '$' is not defined                            no-undef
  175:4   warning  Mixed spaces and tabs                         no-mixed-spaces-and-tabs
  175:33  warning  'areaFooting' is not defined                  no-undef
  176:4   warning  Mixed spaces and tabs                         no-mixed-spaces-and-tabs
  177:4   warning  Mixed spaces and tabs                         no-mixed-spaces-and-tabs
  178:4   warning  Mixed spaces and tabs                         no-mixed-spaces-and-tabs
  180:4   warning  Mixed spaces and tabs                         no-mixed-spaces-and-tabs
  180:9   warning  'areaFooting' is not defined                  no-undef
  181:6   warning  '$' is not defined                            no-undef
  184:11  warning  'areaFooting' is not defined                  no-undef
  188:7   warning  Mixed spaces and tabs                         no-mixed-spaces-and-tabs
  188:9   warning  '$' is not defined                            no-undef
  189:7   warning  Mixed spaces and tabs                         no-mixed-spaces-and-tabs
  189:9   warning  '$' is not defined                            no-undef
  190:7   warning  Mixed spaces and tabs                         no-mixed-spaces-and-tabs
  190:9   warning  '$' is not defined                            no-undef
  194:8   warning  '$' is not defined                            no-undef
  197:11  warning  'areaFooting' is not defined                  no-undef
  199:7   warning  Mixed spaces and tabs                         no-mixed-spaces-and-tabs
  199:9   warning  '$' is not defined                            no-undef
  200:7   warning  Mixed spaces and tabs                         no-mixed-spaces-and-tabs
  200:9   warning  '$' is not defined                            no-undef
  201:7   warning  Mixed spaces and tabs                         no-mixed-spaces-and-tabs
  201:9   warning  '$' is not defined                            no-undef
  204:8   warning  '$' is not defined                            no-undef
  207:7   warning  'areaFooting' is not defined                  no-undef
  207:31  warning  '$' is not defined                            no-undef
  209:11  warning  'areaFooting' is not defined                  no-undef
  211:7   warning  Mixed spaces and tabs                         no-mixed-spaces-and-tabs
  211:9   warning  '$' is not defined                            no-undef
  212:7   warning  Mixed spaces and tabs                         no-mixed-spaces-and-tabs
  212:9   warning  '$' is not defined                            no-undef
  213:7   warning  Mixed spaces and tabs                         no-mixed-spaces-and-tabs
  213:9   warning  '$' is not defined                            no-undef
  215:8   warning  '$' is not defined                            no-undef
  221:4   warning  '$' is not defined                            no-undef
  223:12  warning  '$' is not defined                            no-undef
  225:3   warning  Mixed spaces and tabs                         no-mixed-spaces-and-tabs
  226:3   warning  Mixed spaces and tabs                         no-mixed-spaces-and-tabs
  227:3   warning  Mixed spaces and tabs                         no-mixed-spaces-and-tabs
  231:3   warning  Mixed spaces and tabs                         no-mixed-spaces-and-tabs
  232:3   warning  Mixed spaces and tabs                         no-mixed-spaces-and-tabs
  236:2   warning  Mixed spaces and tabs                         no-mixed-spaces-and-tabs
  237:2   warning  Mixed spaces and tabs                         no-mixed-spaces-and-tabs
  238:3   warning  Mixed spaces and tabs                         no-mixed-spaces-and-tabs
  239:3   warning  Mixed spaces and tabs                         no-mixed-spaces-and-tabs
  239:12  warning  '$' is not defined                            no-undef
  240:3   warning  Mixed spaces and tabs                         no-mixed-spaces-and-tabs
  240:12  warning  'toastr' is not defined                       no-undef
  241:3   warning  Mixed spaces and tabs                         no-mixed-spaces-and-tabs
  242:3   warning  Mixed spaces and tabs                         no-mixed-spaces-and-tabs
  243:3   warning  Mixed spaces and tabs                         no-mixed-spaces-and-tabs
  244:3   warning  Mixed spaces and tabs                         no-mixed-spaces-and-tabs
  244:9   warning  '$' is not defined                            no-undef
  245:3   warning  Mixed spaces and tabs                         no-mixed-spaces-and-tabs
  245:9   warning  'toastr' is not defined                       no-undef
  246:3   warning  Mixed spaces and tabs                         no-mixed-spaces-and-tabs
  247:3   warning  Mixed spaces and tabs                         no-mixed-spaces-and-tabs
  248:3   warning  Mixed spaces and tabs                         no-mixed-spaces-and-tabs
  249:3   warning  Mixed spaces and tabs                         no-mixed-spaces-and-tabs
  250:3   warning  Mixed spaces and tabs                         no-mixed-spaces-and-tabs
  251:3   warning  Mixed spaces and tabs                         no-mixed-spaces-and-tabs
  252:3   warning  Mixed spaces and tabs                         no-mixed-spaces-and-tabs
  253:3   warning  Mixed spaces and tabs                         no-mixed-spaces-and-tabs
  254:3   warning  Mixed spaces and tabs                         no-mixed-spaces-and-tabs
  254:9   warning  '$' is not defined                            no-undef
  255:3   warning  Mixed spaces and tabs                         no-mixed-spaces-and-tabs
  255:10  warning  '$' is not defined                            no-undef
  256:3   warning  Mixed spaces and tabs                         no-mixed-spaces-and-tabs
  256:10  warning  '$' is not defined                            no-undef
  257:3   warning  Mixed spaces and tabs                         no-mixed-spaces-and-tabs
  258:3   warning  Mixed spaces and tabs                         no-mixed-spaces-and-tabs
  259:3   warning  Mixed spaces and tabs                         no-mixed-spaces-and-tabs
  260:3   warning  Mixed spaces and tabs                         no-mixed-spaces-and-tabs
  261:3   warning  Mixed spaces and tabs                         no-mixed-spaces-and-tabs
  262:3   warning  Mixed spaces and tabs                         no-mixed-spaces-and-tabs
  262:9   warning  '$' is not defined                            no-undef
  263:3   warning  Mixed spaces and tabs                         no-mixed-spaces-and-tabs
  263:9   warning  'toastr' is not defined                       no-undef
  264:3   warning  Mixed spaces and tabs                         no-mixed-spaces-and-tabs
  267:4   warning  '$' is not defined                            no-undef
  269:3   warning  Mixed spaces and tabs                         no-mixed-spaces-and-tabs
  269:9   warning  '$' is not defined                            no-undef
  270:3   warning  Mixed spaces and tabs                         no-mixed-spaces-and-tabs
  270:9   warning  '$' is not defined                            no-undef
  271:3   warning  Mixed spaces and tabs                         no-mixed-spaces-and-tabs
  271:9   warning  'tempMasterJson' is not defined               no-undef
  272:3   warning  Mixed spaces and tabs                         no-mixed-spaces-and-tabs
  273:3   warning  Mixed spaces and tabs                         no-mixed-spaces-and-tabs
  274:3   warning  Mixed spaces and tabs                         no-mixed-spaces-and-tabs
  274:34  warning  'workingPVal' is not defined                  no-undef
  275:3   warning  Mixed spaces and tabs                         no-mixed-spaces-and-tabs
  276:3   warning  Mixed spaces and tabs                         no-mixed-spaces-and-tabs
  277:3   warning  Mixed spaces and tabs                         no-mixed-spaces-and-tabs
  278:3   warning  Mixed spaces and tabs                         no-mixed-spaces-and-tabs
  279:3   warning  Mixed spaces and tabs                         no-mixed-spaces-and-tabs
  280:3   warning  Mixed spaces and tabs                         no-mixed-spaces-and-tabs
  281:3   warning  Mixed spaces and tabs                         no-mixed-spaces-and-tabs
  282:3   warning  Mixed spaces and tabs                         no-mixed-spaces-and-tabs
  283:3   warning  Mixed spaces and tabs                         no-mixed-spaces-and-tabs
  283:9   warning  'jsonArray' is not defined                    no-undef
  283:24  warning  'tempMasterJson' is not defined               no-undef
  284:3   warning  Mixed spaces and tabs                         no-mixed-spaces-and-tabs
  284:9   warning  'MasterJson' is not defined                   no-undef
  284:20  warning  'jsonArray' is not defined                    no-undef
  285:3   warning  Mixed spaces and tabs                         no-mixed-spaces-and-tabs
  285:21  warning  'MasterJson' is not defined                   no-undef
  286:3   warning  Mixed spaces and tabs                         no-mixed-spaces-and-tabs
  286:9   warning  'Calculation2' is not defined                 no-undef

/home/runner/work/exp-rc-footing-bending-moment-coep/exp-rc-footing-bending-moment-coep/experiment/simulation/src/Calculation2.js
    4:10  warning  'Calculation2' is defined but never used  no-unused-vars
    5:2   warning  '$' is not defined                        no-undef
    9:2   warning  Mixed spaces and tabs                     no-mixed-spaces-and-tabs
   10:2   warning  Mixed spaces and tabs                     no-mixed-spaces-and-tabs
   12:1   warning  Mixed spaces and tabs                     no-mixed-spaces-and-tabs
   14:2   warning  Mixed spaces and tabs                     no-mixed-spaces-and-tabs
   15:2   warning  Mixed spaces and tabs                     no-mixed-spaces-and-tabs
   16:2   warning  Mixed spaces and tabs                     no-mixed-spaces-and-tabs
   17:2   warning  Mixed spaces and tabs                     no-mixed-spaces-and-tabs
   18:2   warning  Mixed spaces and tabs                     no-mixed-spaces-and-tabs
   19:2   warning  Mixed spaces and tabs                     no-mixed-spaces-and-tabs
   20:2   warning  Mixed spaces and tabs                     no-mixed-spaces-and-tabs
   21:2   warning  Mixed spaces and tabs                     no-mixed-spaces-and-tabs
   22:2   warning  Mixed spaces and tabs                     no-mixed-spaces-and-tabs
   23:2   warning  Mixed spaces and tabs                     no-mixed-spaces-and-tabs
   24:2   warning  Mixed spaces and tabs                     no-mixed-spaces-and-tabs
   25:2   warning  Mixed spaces and tabs                     no-mixed-spaces-and-tabs
   26:2   warning  Mixed spaces and tabs                     no-mixed-spaces-and-tabs
   27:2   warning  Mixed spaces and tabs                     no-mixed-spaces-and-tabs
   28:2   warning  Mixed spaces and tabs                     no-mixed-spaces-and-tabs
   29:2   warning  Mixed spaces and tabs                     no-mixed-spaces-and-tabs
   30:2   warning  Mixed spaces and tabs                     no-mixed-spaces-and-tabs
   31:2   warning  Mixed spaces and tabs                     no-mixed-spaces-and-tabs
   32:2   warning  Mixed spaces and tabs                     no-mixed-spaces-and-tabs
   33:2   warning  Mixed spaces and tabs                     no-mixed-spaces-and-tabs
   34:2   warning  Mixed spaces and tabs                     no-mixed-spaces-and-tabs
   35:2   warning  Mixed spaces and tabs                     no-mixed-spaces-and-tabs
   36:2   warning  Mixed spaces and tabs                     no-mixed-spaces-and-tabs
   37:2   warning  Mixed spaces and tabs                     no-mixed-spaces-and-tabs
   38:2   warning  Mixed spaces and tabs                     no-mixed-spaces-and-tabs
   39:2   warning  Mixed spaces and tabs                     no-mixed-spaces-and-tabs
   40:2   warning  Mixed spaces and tabs                     no-mixed-spaces-and-tabs
   41:2   warning  Mixed spaces and tabs                     no-mixed-spaces-and-tabs
   42:2   warning  Mixed spaces and tabs                     no-mixed-spaces-and-tabs
   44:1   warning  Mixed spaces and tabs                     no-mixed-spaces-and-tabs
   46:2   warning  Mixed spaces and tabs                     no-mixed-spaces-and-tabs
   47:2   warning  Mixed spaces and tabs                     no-mixed-spaces-and-tabs
   48:2   warning  Mixed spaces and tabs                     no-mixed-spaces-and-tabs
   49:2   warning  Mixed spaces and tabs                     no-mixed-spaces-and-tabs
   50:2   warning  Mixed spaces and tabs                     no-mixed-spaces-and-tabs
   51:2   warning  Mixed spaces and tabs                     no-mixed-spaces-and-tabs
   52:2   warning  Mixed spaces and tabs                     no-mixed-spaces-and-tabs
   53:2   warning  Mixed spaces and tabs                     no-mixed-spaces-and-tabs
   54:2   warning  Mixed spaces and tabs                     no-mixed-spaces-and-tabs
   55:2   warning  Mixed spaces and tabs                     no-mixed-spaces-and-tabs
   56:2   warning  Mixed spaces and tabs                     no-mixed-spaces-and-tabs
   57:2   warning  Mixed spaces and tabs                     no-mixed-spaces-and-tabs
   58:2   warning  Mixed spaces and tabs                     no-mixed-spaces-and-tabs
   59:2   warning  Mixed spaces and tabs                     no-mixed-spaces-and-tabs
   60:2   warning  Mixed spaces and tabs                     no-mixed-spaces-and-tabs
   62:1   warning  Mixed spaces and tabs                     no-mixed-spaces-and-tabs
   64:2   warning  Mixed spaces and tabs                     no-mixed-spaces-and-tabs
   65:2   warning  Mixed spaces and tabs                     no-mixed-spaces-and-tabs
   66:2   warning  Mixed spaces and tabs                     no-mixed-spaces-and-tabs
   67:2   warning  Mixed spaces and tabs                     no-mixed-spaces-and-tabs
   68:2   warning  Mixed spaces and tabs                     no-mixed-spaces-and-tabs
   69:2   warning  Mixed spaces and tabs                     no-mixed-spaces-and-tabs
   70:2   warning  Mixed spaces and tabs                     no-mixed-spaces-and-tabs
   71:2   warning  Mixed spaces and tabs                     no-mixed-spaces-and-tabs
   72:2   warning  Mixed spaces and tabs                     no-mixed-spaces-and-tabs
   73:2   warning  Mixed spaces and tabs                     no-mixed-spaces-and-tabs
   74:2   warning  Mixed spaces and tabs                     no-mixed-spaces-and-tabs
   75:2   warning  Mixed spaces and tabs                     no-mixed-spaces-and-tabs
   76:2   warning  Mixed spaces and tabs                     no-mixed-spaces-and-tabs
   77:2   warning  Mixed spaces and tabs                     no-mixed-spaces-and-tabs
   78:2   warning  Mixed spaces and tabs                     no-mixed-spaces-and-tabs
   80:2   warning  Mixed spaces and tabs                     no-mixed-spaces-and-tabs
   82:1   warning  Mixed spaces and tabs                     no-mixed-spaces-and-tabs
   83:1   warning  Mixed spaces and tabs                     no-mixed-spaces-and-tabs
   84:2   warning  Mixed spaces and tabs                     no-mixed-spaces-and-tabs
   85:2   warning  Mixed spaces and tabs                     no-mixed-spaces-and-tabs
   86:2   warning  Mixed spaces and tabs                     no-mixed-spaces-and-tabs
   87:2   warning  Mixed spaces and tabs                     no-mixed-spaces-and-tabs
   88:2   warning  Mixed spaces and tabs                     no-mixed-spaces-and-tabs
   89:2   warning  Mixed spaces and tabs                     no-mixed-spaces-and-tabs
   90:2   warning  Mixed spaces and tabs                     no-mixed-spaces-and-tabs
   91:2   warning  Mixed spaces and tabs                     no-mixed-spaces-and-tabs
   92:2   warning  Mixed spaces and tabs                     no-mixed-spaces-and-tabs
   93:2   warning  Mixed spaces and tabs                     no-mixed-spaces-and-tabs
   94:2   warning  Mixed spaces and tabs                     no-mixed-spaces-and-tabs
   95:2   warning  Mixed spaces and tabs                     no-mixed-spaces-and-tabs
   96:1   warning  Mixed spaces and tabs                     no-mixed-spaces-and-tabs
   97:1   warning  Mixed spaces and tabs                     no-mixed-spaces-and-tabs
   98:2   warning  Mixed spaces and tabs                     no-mixed-spaces-and-tabs
   99:1   warning  Mixed spaces and tabs                     no-mixed-spaces-and-tabs
  100:1   warning  Mixed spaces and tabs                     no-mixed-spaces-and-tabs
  101:1   warning  Mixed spaces and tabs                     no-mixed-spaces-and-tabs
  102:2   warning  Mixed spaces and tabs                     no-mixed-spaces-and-tabs
  103:1   warning  Mixed spaces and tabs                     no-mixed-spaces-and-tabs
  104:1   warning  Mixed spaces and tabs                     no-mixed-spaces-and-tabs
  105:1   warning  Mixed spaces and tabs                     no-mixed-spaces-and-tabs
  106:2   warning  Mixed spaces and tabs                     no-mixed-spaces-and-tabs
  107:2   warning  Mixed spaces and tabs                     no-mixed-spaces-and-tabs
  108:2   warning  Mixed spaces and tabs                     no-mixed-spaces-and-tabs
  109:2   warning  Mixed spaces and tabs                     no-mixed-spaces-and-tabs
  110:2   warning  Mixed spaces and tabs                     no-mixed-spaces-and-tabs
  111:2   warning  Mixed spaces and tabs                     no-mixed-spaces-and-tabs
  112:2   warning  Mixed spaces and tabs                     no-mixed-spaces-and-tabs
  113:2   warning  Mixed spaces and tabs                     no-mixed-spaces-and-tabs
  114:2   warning  Mixed spaces and tabs                     no-mixed-spaces-and-tabs
  115:2   warning  Mixed spaces and tabs                     no-mixed-spaces-and-tabs
  116:2   warning  Mixed spaces and tabs                     no-mixed-spaces-and-tabs
  117:2   warning  Mixed spaces and tabs                     no-mixed-spaces-and-tabs
  118:1   warning  Mixed spaces and tabs                     no-mixed-spaces-and-tabs
  119:1   warning  Mixed spaces and tabs                     no-mixed-spaces-and-tabs
  120:2   warning  Mixed spaces and tabs                     no-mixed-spaces-and-tabs
  121:1   warning  Mixed spaces and tabs                     no-mixed-spaces-and-tabs
  122:1   warning  Mixed spaces and tabs                     no-mixed-spaces-and-tabs
  123:1   warning  Mixed spaces and tabs                     no-mixed-spaces-and-tabs
  124:1   warning  Mixed spaces and tabs                     no-mixed-spaces-and-tabs
  125:2   warning  Mixed spaces and tabs                     no-mixed-spaces-and-tabs
  126:1   warning  Mixed spaces and tabs                     no-mixed-spaces-and-tabs
  127:1   warning  Mixed spaces and tabs                     no-mixed-spaces-and-tabs
  128:1   warning  Mixed spaces and tabs                     no-mixed-spaces-and-tabs
  129:1   warning  Mixed spaces and tabs                     no-mixed-spaces-and-tabs
  130:2   warning  Mixed spaces and tabs                     no-mixed-spaces-and-tabs
  131:2   warning  Mixed spaces and tabs                     no-mixed-spaces-and-tabs
  132:2   warning  Mixed spaces and tabs                     no-mixed-spaces-and-tabs
  133:2   warning  Mixed spaces and tabs                     no-mixed-spaces-and-tabs
  134:2   warning  Mixed spaces and tabs                     no-mixed-spaces-and-tabs
  135:2   warning  Mixed spaces and tabs                     no-mixed-spaces-and-tabs
  136:2   warning  Mixed spaces and tabs                     no-mixed-spaces-and-tabs
  137:2   warning  Mixed spaces and tabs                     no-mixed-spaces-and-tabs
  138:2   warning  Mixed spaces and tabs                     no-mixed-spaces-and-tabs
  139:2   warning  Mixed spaces and tabs                     no-mixed-spaces-and-tabs
  140:2   warning  Mixed spaces and tabs                     no-mixed-spaces-and-tabs
  141:2   warning  Mixed spaces and tabs                     no-mixed-spaces-and-tabs
  142:1   warning  Mixed spaces and tabs                     no-mixed-spaces-and-tabs
  143:1   warning  Mixed spaces and tabs                     no-mixed-spaces-and-tabs
  144:2   warning  Mixed spaces and tabs                     no-mixed-spaces-and-tabs
  145:1   warning  Mixed spaces and tabs                     no-mixed-spaces-and-tabs
  146:1   warning  Mixed spaces and tabs                     no-mixed-spaces-and-tabs
  147:1   warning  Mixed spaces and tabs                     no-mixed-spaces-and-tabs
  148:1   warning  Mixed spaces and tabs                     no-mixed-spaces-and-tabs
  149:2   warning  Mixed spaces and tabs                     no-mixed-spaces-and-tabs
  150:1   warning  Mixed spaces and tabs                     no-mixed-spaces-and-tabs
  151:1   warning  Mixed spaces and tabs                     no-mixed-spaces-and-tabs
  152:1   warning  Mixed spaces and tabs                     no-mixed-spaces-and-tabs
  153:1   warning  Mixed spaces and tabs                     no-mixed-spaces-and-tabs
  154:2   warning  Mixed spaces and tabs                     no-mixed-spaces-and-tabs
  155:2   warning  Mixed spaces and tabs                     no-mixed-spaces-and-tabs
  156:2   warning  Mixed spaces and tabs                     no-mixed-spaces-and-tabs
  157:2   warning  Mixed spaces and tabs                     no-mixed-spaces-and-tabs
  158:2   warning  Mixed spaces and tabs                     no-mixed-spaces-and-tabs
  159:2   warning  Mixed spaces and tabs                     no-mixed-spaces-and-tabs
  160:2   warning  Mixed spaces and tabs                     no-mixed-spaces-and-tabs
  161:2   warning  Mixed spaces and tabs                     no-mixed-spaces-and-tabs
  162:2   warning  Mixed spaces and tabs                     no-mixed-spaces-and-tabs
  163:2   warning  Mixed spaces and tabs                     no-mixed-spaces-and-tabs
  164:2   warning  Mixed spaces and tabs                     no-mixed-spaces-and-tabs
  165:1   warning  Mixed spaces and tabs                     no-mixed-spaces-and-tabs
  166:1   warning  Mixed spaces and tabs                     no-mixed-spaces-and-tabs
  167:2   warning  Mixed spaces and tabs                     no-mixed-spaces-and-tabs
  168:1   warning  Mixed spaces and tabs                     no-mixed-spaces-and-tabs
  169:1   warning  Mixed spaces and tabs                     no-mixed-spaces-and-tabs
  170:1   warning  Mixed spaces and tabs                     no-mixed-spaces-and-tabs
  171:2   warning  Mixed spaces and tabs                     no-mixed-spaces-and-tabs
  172:1   warning  Mixed spaces and tabs                     no-mixed-spaces-and-tabs
  173:1   warning  Mixed spaces and tabs                     no-mixed-spaces-and-tabs
  174:1   warning  Mixed spaces and tabs                     no-mixed-spaces-and-tabs
  175:2   warning  Mixed spaces and tabs                     no-mixed-spaces-and-tabs
  175:6   warning  '$' is not defined                        no-undef
  176:1   warning  Mixed spaces and tabs                     no-mixed-spaces-and-tabs
  178:3   warning  '$' is not defined                        no-undef
  180:4   warning  'maxVal' is not defined                   no-undef
  180:11  warning  '$' is not defined                        no-undef
  181:26  warning  'maxVal' is not defined                   no-undef
  182:24  warning  'bfVal' is not defined                    no-undef
  182:51  warning  'lfVal' is not defined                    no-undef
  184:25  warning  'calMomentLoad' is not defined            no-undef
  186:25  warning  'bfVal' is not defined                    no-undef
  186:43  warning  'lfVal' is not defined                    no-undef
  187:25  warning  'calFactLoad' is not defined              no-undef
  189:4   warning  'maxSigmaTemp' is not defined             no-undef
  190:13  warning  'maxSigmaTemp' is not defined             no-undef
  191:3   warning  Mixed spaces and tabs                     no-mixed-spaces-and-tabs
  191:8   warning  'maxVal' is not defined                   no-undef
  192:5   warning  '$' is not defined                        no-undef
  195:10  warning  'maxVal' is not defined                   no-undef
  197:6   warning  Mixed spaces and tabs                     no-mixed-spaces-and-tabs
  197:8   warning  '$' is not defined                        no-undef
  198:6   warning  Mixed spaces and tabs                     no-mixed-spaces-and-tabs
  198:8   warning  '$' is not defined                        no-undef
  199:6   warning  Mixed spaces and tabs                     no-mixed-spaces-and-tabs
  199:8   warning  '$' is not defined                        no-undef
  203:7   warning  '$' is not defined                        no-undef
  206:10  warning  'maxVal' is not defined                   no-undef
  208:6   warning  Mixed spaces and tabs                     no-mixed-spaces-and-tabs
  208:8   warning  '$' is not defined                        no-undef
  209:6   warning  Mixed spaces and tabs                     no-mixed-spaces-and-tabs
  209:8   warning  '$' is not defined                        no-undef
  210:6   warning  Mixed spaces and tabs                     no-mixed-spaces-and-tabs
  210:8   warning  '$' is not defined                        no-undef
  213:7   warning  '$' is not defined                        no-undef
  216:6   warning  'maxVal' is not defined                   no-undef
  216:25  warning  '$' is not defined                        no-undef
  218:10  warning  'maxVal' is not defined                   no-undef
  220:6   warning  Mixed spaces and tabs                     no-mixed-spaces-and-tabs
  220:8   warning  '$' is not defined                        no-undef
  221:6   warning  Mixed spaces and tabs                     no-mixed-spaces-and-tabs
  221:8   warning  '$' is not defined                        no-undef
  222:6   warning  Mixed spaces and tabs                     no-mixed-spaces-and-tabs
  222:8   warning  '$' is not defined                        no-undef
  224:7   warning  '$' is not defined                        no-undef
  232:3   warning  '$' is not defined                        no-undef
  234:4   warning  'minVal' is not defined                   no-undef
  234:11  warning  '$' is not defined                        no-undef
  235:26  warning  'maxVal' is not defined                   no-undef
  236:24  warning  'bfVal' is not defined                    no-undef
  236:51  warning  'lfVal' is not defined                    no-undef
  238:25  warning  'calMomentLoad' is not defined            no-undef
  240:25  warning  'bfVal' is not defined                    no-undef
  240:43  warning  'lfVal' is not defined                    no-undef
  241:25  warning  'calFactLoad' is not defined              no-undef
  243:4   warning  'minSigmaTemp' is not defined             no-undef
  244:13  warning  'minSigmaTemp' is not defined             no-undef
  246:3   warning  Mixed spaces and tabs                     no-mixed-spaces-and-tabs
  246:8   warning  'minVal' is not defined                   no-undef
  247:5   warning  '$' is not defined                        no-undef
  250:10  warning  'minVal' is not defined                   no-undef
  254:7   warning  '$' is not defined                        no-undef
  255:6   warning  Mixed spaces and tabs                     no-mixed-spaces-and-tabs
  255:8   warning  '$' is not defined                        no-undef
  256:6   warning  Mixed spaces and tabs                     no-mixed-spaces-and-tabs
  256:8   warning  '$' is not defined                        no-undef
  260:7   warning  '$' is not defined                        no-undef
  263:10  warning  'minVal' is not defined                   no-undef
  265:7   warning  '$' is not defined                        no-undef
  266:7   warning  '$' is not defined                        no-undef
  268:6   warning  Mixed spaces and tabs                     no-mixed-spaces-and-tabs
  268:8   warning  '$' is not defined                        no-undef
  271:7   warning  '$' is not defined                        no-undef
  274:6   warning  'minVal' is not defined                   no-undef
  274:25  warning  '$' is not defined                        no-undef
  276:10  warning  'minVal' is not defined                   no-undef
  278:7   warning  '$' is not defined                        no-undef
  279:7   warning  '$' is not defined                        no-undef
  281:6   warning  Mixed spaces and tabs                     no-mixed-spaces-and-tabs
  281:8   warning  '$' is not defined                        no-undef
  283:7   warning  '$' is not defined                        no-undef
  291:39  warning  'sbcVal' is not defined                   no-undef
  293:5   warning  '$' is not defined                        no-undef
  295:4   warning  Mixed spaces and tabs                     no-mixed-spaces-and-tabs
  296:3   warning  Mixed spaces and tabs                     no-mixed-spaces-and-tabs
  297:3   warning  Mixed spaces and tabs                     no-mixed-spaces-and-tabs
  298:4   warning  Mixed spaces and tabs                     no-mixed-spaces-and-tabs
  299:4   warning  Mixed spaces and tabs                     no-mixed-spaces-and-tabs
  300:4   warning  Mixed spaces and tabs                     no-mixed-spaces-and-tabs
  301:4   warning  Mixed spaces and tabs                     no-mixed-spaces-and-tabs
  302:4   warning  Mixed spaces and tabs                     no-mixed-spaces-and-tabs
  303:4   warning  Mixed spaces and tabs                     no-mixed-spaces-and-tabs
  304:4   warning  Mixed spaces and tabs                     no-mixed-spaces-and-tabs
  305:4   warning  Mixed spaces and tabs                     no-mixed-spaces-and-tabs
  306:4   warning  Mixed spaces and tabs                     no-mixed-spaces-and-tabs
  307:4   warning  Mixed spaces and tabs                     no-mixed-spaces-and-tabs
  308:4   warning  Mixed spaces and tabs                     no-mixed-spaces-and-tabs
  309:4   warning  Mixed spaces and tabs                     no-mixed-spaces-and-tabs
  310:4   warning  Mixed spaces and tabs                     no-mixed-spaces-and-tabs
  311:4   warning  Mixed spaces and tabs                     no-mixed-spaces-and-tabs
  312:3   warning  Mixed spaces and tabs                     no-mixed-spaces-and-tabs
  313:3   warning  Mixed spaces and tabs                     no-mixed-spaces-and-tabs
  314:4   warning  Mixed spaces and tabs                     no-mixed-spaces-and-tabs
  315:3   warning  Mixed spaces and tabs                     no-mixed-spaces-and-tabs
  316:3   warning  Mixed spaces and tabs                     no-mixed-spaces-and-tabs
  317:3   warning  Mixed spaces and tabs                     no-mixed-spaces-and-tabs
  318:4   warning  Mixed spaces and tabs                     no-mixed-spaces-and-tabs
  319:3   warning  Mixed spaces and tabs                     no-mixed-spaces-and-tabs
  320:3   warning  Mixed spaces and tabs                     no-mixed-spaces-and-tabs
  321:4   warning  Mixed spaces and tabs                     no-mixed-spaces-and-tabs
  322:4   warning  Mixed spaces and tabs                     no-mixed-spaces-and-tabs
  322:8   warning  '$' is not defined                        no-undef
  325:9   warning  'htm' is already defined                  no-redeclare
  326:5   warning  Mixed spaces and tabs                     no-mixed-spaces-and-tabs
  327:4   warning  Mixed spaces and tabs                     no-mixed-spaces-and-tabs
  328:4   warning  Mixed spaces and tabs                     no-mixed-spaces-and-tabs
  329:5   warning  Mixed spaces and tabs                     no-mixed-spaces-and-tabs
  330:5   warning  Mixed spaces and tabs                     no-mixed-spaces-and-tabs
  330:9   warning  '$' is not defined                        no-undef
  331:5   warning  '$' is not defined                        no-undef
  335:3   warning  Mixed spaces and tabs                     no-mixed-spaces-and-tabs
  335:5   warning  '$' is not defined                        no-undef
  336:3   warning  Mixed spaces and tabs                     no-mixed-spaces-and-tabs
  337:3   warning  Mixed spaces and tabs                     no-mixed-spaces-and-tabs
  342:3   warning  '$' is not defined                        no-undef
  344:4   warning  'shorterVal' is not defined               no-undef
  344:15  warning  '$' is not defined                        no-undef
  345:30  warning  'shorterVal' is not defined               no-undef
  347:25  warning  'bfVal' is not defined                    no-undef
  347:43  warning  'lfVal' is not defined                    no-undef
  348:25  warning  'calFactLoad' is not defined              no-undef
  351:3   warning  Mixed spaces and tabs                     no-mixed-spaces-and-tabs
  351:8   warning  'shorterVal' is not defined               no-undef
  352:5   warning  '$' is not defined                        no-undef
  355:10  warning  'shorterVal' is not defined               no-undef
  358:7   warning  '$' is not defined                        no-undef
  359:7   warning  '$' is not defined                        no-undef
  360:6   warning  Mixed spaces and tabs                     no-mixed-spaces-and-tabs
  360:8   warning  '$' is not defined                        no-undef
  364:7   warning  '$' is not defined                        no-undef
  367:10  warning  'shorterVal' is not defined               no-undef
  370:7   warning  '$' is not defined                        no-undef
  371:7   warning  '$' is not defined                        no-undef
  373:6   warning  Mixed spaces and tabs                     no-mixed-spaces-and-tabs
  373:8   warning  '$' is not defined                        no-undef
  376:7   warning  '$' is not defined                        no-undef
  379:6   warning  'shorterVal' is not defined               no-undef
  379:29  warning  '$' is not defined                        no-undef
  381:10  warning  'shorterVal' is not defined               no-undef
  384:7   warning  '$' is not defined                        no-undef
  385:7   warning  '$' is not defined                        no-undef
  387:6   warning  Mixed spaces and tabs                     no-mixed-spaces-and-tabs
  387:8   warning  '$' is not defined                        no-undef
  389:7   warning  '$' is not defined                        no-undef
  395:2   warning  Mixed spaces and tabs                     no-mixed-spaces-and-tabs
  397:4   warning  '$' is not defined                        no-undef
  399:5   warning  'faceVal' is not defined                  no-undef
  399:13  warning  '$' is not defined                        no-undef
  400:28  warning  'faceVal' is not defined                  no-undef
  401:3   warning  Mixed spaces and tabs                     no-mixed-spaces-and-tabs
  401:41  warning  'lfVal' is not defined                    no-undef
  401:68  warning  'bcVal' is not defined                    no-undef
  402:3   warning  Mixed spaces and tabs                     no-mixed-spaces-and-tabs
  403:4   warning  Mixed spaces and tabs                     no-mixed-spaces-and-tabs
  404:4   warning  Mixed spaces and tabs                     no-mixed-spaces-and-tabs
  404:54  warning  'bcVal' is not defined                    no-undef
  405:4   warning  Mixed spaces and tabs                     no-mixed-spaces-and-tabs
  405:58  warning  'lfVal' is not defined                    no-undef
  406:4   warning  Mixed spaces and tabs                     no-mixed-spaces-and-tabs
  407:4   warning  Mixed spaces and tabs                     no-mixed-spaces-and-tabs
  408:4   warning  Mixed spaces and tabs                     no-mixed-spaces-and-tabs
  408:9   warning  'faceVal' is not defined                  no-undef
  409:6   warning  '$' is not defined                        no-undef
  412:11  warning  'faceVal' is not defined                  no-undef
  414:7   warning  Mixed spaces and tabs                     no-mixed-spaces-and-tabs
  414:9   warning  '$' is not defined                        no-undef
  415:7   warning  Mixed spaces and tabs                     no-mixed-spaces-and-tabs
  415:9   warning  '$' is not defined                        no-undef
  416:6   warning  Mixed spaces and tabs                     no-mixed-spaces-and-tabs
  416:12  warning  '$' is not defined                        no-undef
  420:8   warning  '$' is not defined                        no-undef
  423:11  warning  'faceVal' is not defined                  no-undef
  425:7   warning  Mixed spaces and tabs                     no-mixed-spaces-and-tabs
  425:9   warning  '$' is not defined                        no-undef
  426:7   warning  Mixed spaces and tabs                     no-mixed-spaces-and-tabs
  426:9   warning  '$' is not defined                        no-undef
  427:6   warning  Mixed spaces and tabs                     no-mixed-spaces-and-tabs
  427:9   warning  '$' is not defined                        no-undef
  430:8   warning  '$' is not defined                        no-undef
  433:7   warning  'faceVal' is not defined                  no-undef
  433:27  warning  '$' is not defined                        no-undef
  435:11  warning  'faceVal' is not defined                  no-undef
  437:7   warning  Mixed spaces and tabs                     no-mixed-spaces-and-tabs
  437:9   warning  '$' is not defined                        no-undef
  438:7   warning  Mixed spaces and tabs                     no-mixed-spaces-and-tabs
  438:9   warning  '$' is not defined                        no-undef
  439:8   warning  '$' is not defined                        no-undef
  441:8   warning  '$' is not defined                        no-undef
  447:4   warning  '$' is not defined                        no-undef
  449:2   warning  Mixed spaces and tabs                     no-mixed-spaces-and-tabs
  449:8   warning  '$' is not defined                        no-undef
  450:2   warning  Mixed spaces and tabs                     no-mixed-spaces-and-tabs
  450:8   warning  '$' is not defined                        no-undef
  451:2   warning  Mixed spaces and tabs                     no-mixed-spaces-and-tabs
  451:8   warning  'tempMasterJson' is not defined           no-undef
  452:2   warning  Mixed spaces and tabs                     no-mixed-spaces-and-tabs
  453:2   warning  Mixed spaces and tabs                     no-mixed-spaces-and-tabs
  454:2   warning  Mixed spaces and tabs                     no-mixed-spaces-and-tabs
  455:2   warning  Mixed spaces and tabs                     no-mixed-spaces-and-tabs
  456:2   warning  Mixed spaces and tabs                     no-mixed-spaces-and-tabs
  457:2   warning  Mixed spaces and tabs                     no-mixed-spaces-and-tabs
  458:2   warning  Mixed spaces and tabs                     no-mixed-spaces-and-tabs
  458:8   warning  'jsonArray' is not defined                no-undef
  458:23  warning  'tempMasterJson' is not defined           no-undef
  459:2   warning  Mixed spaces and tabs                     no-mixed-spaces-and-tabs
  459:8   warning  'MasterJson' is not defined               no-undef
  459:19  warning  'jsonArray' is not defined                no-undef
  460:2   warning  Mixed spaces and tabs                     no-mixed-spaces-and-tabs
  460:20  warning  'MasterJson' is not defined               no-undef
  461:2   warning  Mixed spaces and tabs                     no-mixed-spaces-and-tabs
  461:8   warning  'Calculation3' is not defined             no-undef

/home/runner/work/exp-rc-footing-bending-moment-coep/exp-rc-footing-bending-moment-coep/experiment/simulation/src/Calculation3.js
    2:10  warning  'Calculation3' is defined but never used  no-unused-vars
    3:2   warning  '$' is not defined                        no-undef
    8:2   warning  Mixed spaces and tabs                     no-mixed-spaces-and-tabs
   10:1   warning  Mixed spaces and tabs                     no-mixed-spaces-and-tabs
   12:2   warning  Mixed spaces and tabs                     no-mixed-spaces-and-tabs
   13:2   warning  Mixed spaces and tabs                     no-mixed-spaces-and-tabs
   14:2   warning  Mixed spaces and tabs                     no-mixed-spaces-and-tabs
   15:2   warning  Mixed spaces and tabs                     no-mixed-spaces-and-tabs
   16:2   warning  Mixed spaces and tabs                     no-mixed-spaces-and-tabs
   17:2   warning  Mixed spaces and tabs                     no-mixed-spaces-and-tabs
   18:2   warning  Mixed spaces and tabs                     no-mixed-spaces-and-tabs
   19:2   warning  Mixed spaces and tabs                     no-mixed-spaces-and-tabs
   20:2   warning  Mixed spaces and tabs                     no-mixed-spaces-and-tabs
   21:2   warning  Mixed spaces and tabs                     no-mixed-spaces-and-tabs
   22:2   warning  Mixed spaces and tabs                     no-mixed-spaces-and-tabs
   23:2   warning  Mixed spaces and tabs                     no-mixed-spaces-and-tabs
   24:2   warning  Mixed spaces and tabs                     no-mixed-spaces-and-tabs
   25:2   warning  Mixed spaces and tabs                     no-mixed-spaces-and-tabs
   26:2   warning  Mixed spaces and tabs                     no-mixed-spaces-and-tabs
   27:2   warning  Mixed spaces and tabs                     no-mixed-spaces-and-tabs
   28:2   warning  Mixed spaces and tabs                     no-mixed-spaces-and-tabs
   29:2   warning  Mixed spaces and tabs                     no-mixed-spaces-and-tabs
   30:2   warning  Mixed spaces and tabs                     no-mixed-spaces-and-tabs
   31:2   warning  Mixed spaces and tabs                     no-mixed-spaces-and-tabs
   32:2   warning  Mixed spaces and tabs                     no-mixed-spaces-and-tabs
   33:2   warning  Mixed spaces and tabs                     no-mixed-spaces-and-tabs
   34:2   warning  Mixed spaces and tabs                     no-mixed-spaces-and-tabs
   35:2   warning  Mixed spaces and tabs                     no-mixed-spaces-and-tabs
   36:2   warning  Mixed spaces and tabs                     no-mixed-spaces-and-tabs
   37:2   warning  Mixed spaces and tabs                     no-mixed-spaces-and-tabs
   38:2   warning  Mixed spaces and tabs                     no-mixed-spaces-and-tabs
   39:2   warning  Mixed spaces and tabs                     no-mixed-spaces-and-tabs
   40:2   warning  Mixed spaces and tabs                     no-mixed-spaces-and-tabs
   41:2   warning  Mixed spaces and tabs                     no-mixed-spaces-and-tabs
   42:2   warning  Mixed spaces and tabs                     no-mixed-spaces-and-tabs
   43:2   warning  Mixed spaces and tabs                     no-mixed-spaces-and-tabs
   44:2   warning  Mixed spaces and tabs                     no-mixed-spaces-and-tabs
   45:2   warning  Mixed spaces and tabs                     no-mixed-spaces-and-tabs
   46:2   warning  Mixed spaces and tabs                     no-mixed-spaces-and-tabs
   47:2   warning  Mixed spaces and tabs                     no-mixed-spaces-and-tabs
   48:2   warning  Mixed spaces and tabs                     no-mixed-spaces-and-tabs
   49:2   warning  Mixed spaces and tabs                     no-mixed-spaces-and-tabs
   50:2   warning  Mixed spaces and tabs                     no-mixed-spaces-and-tabs
   51:2   warning  Mixed spaces and tabs                     no-mixed-spaces-and-tabs
   52:2   warning  Mixed spaces and tabs                     no-mixed-spaces-and-tabs
   53:2   warning  Mixed spaces and tabs                     no-mixed-spaces-and-tabs
   54:2   warning  Mixed spaces and tabs                     no-mixed-spaces-and-tabs
   55:2   warning  Mixed spaces and tabs                     no-mixed-spaces-and-tabs
   56:2   warning  Mixed spaces and tabs                     no-mixed-spaces-and-tabs
   57:2   warning  Mixed spaces and tabs                     no-mixed-spaces-and-tabs
   58:2   warning  Mixed spaces and tabs                     no-mixed-spaces-and-tabs
   59:2   warning  Mixed spaces and tabs                     no-mixed-spaces-and-tabs
   60:2   warning  Mixed spaces and tabs                     no-mixed-spaces-and-tabs
   61:2   warning  Mixed spaces and tabs                     no-mixed-spaces-and-tabs
   62:2   warning  Mixed spaces and tabs                     no-mixed-spaces-and-tabs
   63:2   warning  Mixed spaces and tabs                     no-mixed-spaces-and-tabs
   64:2   warning  Mixed spaces and tabs                     no-mixed-spaces-and-tabs
   65:2   warning  Mixed spaces and tabs                     no-mixed-spaces-and-tabs
   66:2   warning  Mixed spaces and tabs                     no-mixed-spaces-and-tabs
   67:2   warning  Mixed spaces and tabs                     no-mixed-spaces-and-tabs
   68:3   warning  Mixed spaces and tabs                     no-mixed-spaces-and-tabs
   69:2   warning  Mixed spaces and tabs                     no-mixed-spaces-and-tabs
   70:2   warning  Mixed spaces and tabs                     no-mixed-spaces-and-tabs
   71:2   warning  Mixed spaces and tabs                     no-mixed-spaces-and-tabs
   72:2   warning  Mixed spaces and tabs                     no-mixed-spaces-and-tabs
   73:2   warning  Mixed spaces and tabs                     no-mixed-spaces-and-tabs
   74:2   warning  Mixed spaces and tabs                     no-mixed-spaces-and-tabs
   75:2   warning  Mixed spaces and tabs                     no-mixed-spaces-and-tabs
   76:2   warning  Mixed spaces and tabs                     no-mixed-spaces-and-tabs
   77:3   warning  Mixed spaces and tabs                     no-mixed-spaces-and-tabs
   78:2   warning  Mixed spaces and tabs                     no-mixed-spaces-and-tabs
   79:2   warning  Mixed spaces and tabs                     no-mixed-spaces-and-tabs
   80:2   warning  Mixed spaces and tabs                     no-mixed-spaces-and-tabs
   81:2   warning  Mixed spaces and tabs                     no-mixed-spaces-and-tabs
   82:2   warning  Mixed spaces and tabs                     no-mixed-spaces-and-tabs
   83:2   warning  Mixed spaces and tabs                     no-mixed-spaces-and-tabs
   84:2   warning  Mixed spaces and tabs                     no-mixed-spaces-and-tabs
   85:2   warning  Mixed spaces and tabs                     no-mixed-spaces-and-tabs
   86:2   warning  Mixed spaces and tabs                     no-mixed-spaces-and-tabs
   87:2   warning  Mixed spaces and tabs                     no-mixed-spaces-and-tabs
   88:2   warning  Mixed spaces and tabs                     no-mixed-spaces-and-tabs
   89:2   warning  Mixed spaces and tabs                     no-mixed-spaces-and-tabs
   90:2   warning  Mixed spaces and tabs                     no-mixed-spaces-and-tabs
   91:2   warning  Mixed spaces and tabs                     no-mixed-spaces-and-tabs
   92:2   warning  Mixed spaces and tabs                     no-mixed-spaces-and-tabs
   93:2   warning  Mixed spaces and tabs                     no-mixed-spaces-and-tabs
   94:2   warning  Mixed spaces and tabs                     no-mixed-spaces-and-tabs
   95:2   warning  Mixed spaces and tabs                     no-mixed-spaces-and-tabs
   96:2   warning  Mixed spaces and tabs                     no-mixed-spaces-and-tabs
   97:2   warning  Mixed spaces and tabs                     no-mixed-spaces-and-tabs
   98:2   warning  Mixed spaces and tabs                     no-mixed-spaces-and-tabs
   99:2   warning  Mixed spaces and tabs                     no-mixed-spaces-and-tabs
  100:2   warning  Mixed spaces and tabs                     no-mixed-spaces-and-tabs
  101:2   warning  Mixed spaces and tabs                     no-mixed-spaces-and-tabs
  102:2   warning  Mixed spaces and tabs                     no-mixed-spaces-and-tabs
  103:2   warning  Mixed spaces and tabs                     no-mixed-spaces-and-tabs
  104:2   warning  Mixed spaces and tabs                     no-mixed-spaces-and-tabs
  105:2   warning  Mixed spaces and tabs                     no-mixed-spaces-and-tabs
  106:2   warning  Mixed spaces and tabs                     no-mixed-spaces-and-tabs
  107:2   warning  Mixed spaces and tabs                     no-mixed-spaces-and-tabs
  108:2   warning  Mixed spaces and tabs                     no-mixed-spaces-and-tabs
  109:2   warning  Mixed spaces and tabs                     no-mixed-spaces-and-tabs
  110:2   warning  Mixed spaces and tabs                     no-mixed-spaces-and-tabs
  111:2   warning  Mixed spaces and tabs                     no-mixed-spaces-and-tabs
  112:2   warning  Mixed spaces and tabs                     no-mixed-spaces-and-tabs
  113:2   warning  Mixed spaces and tabs                     no-mixed-spaces-and-tabs
  114:2   warning  Mixed spaces and tabs                     no-mixed-spaces-and-tabs
  115:2   warning  Mixed spaces and tabs                     no-mixed-spaces-and-tabs
  116:2   warning  Mixed spaces and tabs                     no-mixed-spaces-and-tabs
  117:2   warning  Mixed spaces and tabs                     no-mixed-spaces-and-tabs
  118:2   warning  Mixed spaces and tabs                     no-mixed-spaces-and-tabs
  119:2   warning  Mixed spaces and tabs                     no-mixed-spaces-and-tabs
  120:2   warning  Mixed spaces and tabs                     no-mixed-spaces-and-tabs
  121:2   warning  Mixed spaces and tabs                     no-mixed-spaces-and-tabs
  122:2   warning  Mixed spaces and tabs                     no-mixed-spaces-and-tabs
  123:2   warning  Mixed spaces and tabs                     no-mixed-spaces-and-tabs
  124:2   warning  Mixed spaces and tabs                     no-mixed-spaces-and-tabs
  125:2   warning  Mixed spaces and tabs                     no-mixed-spaces-and-tabs
  126:2   warning  Mixed spaces and tabs                     no-mixed-spaces-and-tabs
  127:2   warning  Mixed spaces and tabs                     no-mixed-spaces-and-tabs
  128:2   warning  Mixed spaces and tabs                     no-mixed-spaces-and-tabs
  129:2   warning  Mixed spaces and tabs                     no-mixed-spaces-and-tabs
  130:2   warning  Mixed spaces and tabs                     no-mixed-spaces-and-tabs
  131:2   warning  Mixed spaces and tabs                     no-mixed-spaces-and-tabs
  132:2   warning  Mixed spaces and tabs                     no-mixed-spaces-and-tabs
  133:2   warning  Mixed spaces and tabs                     no-mixed-spaces-and-tabs
  135:3   warning  Mixed spaces and tabs                     no-mixed-spaces-and-tabs
  136:3   warning  Mixed spaces and tabs                     no-mixed-spaces-and-tabs
  137:3   warning  Mixed spaces and tabs                     no-mixed-spaces-and-tabs
  138:3   warning  Mixed spaces and tabs                     no-mixed-spaces-and-tabs
  139:3   warning  Mixed spaces and tabs                     no-mixed-spaces-and-tabs
  140:3   warning  Mixed spaces and tabs                     no-mixed-spaces-and-tabs
  141:3   warning  Mixed spaces and tabs                     no-mixed-spaces-and-tabs
  142:3   warning  Mixed spaces and tabs                     no-mixed-spaces-and-tabs
  143:3   warning  Mixed spaces and tabs                     no-mixed-spaces-and-tabs
  144:3   warning  Mixed spaces and tabs                     no-mixed-spaces-and-tabs
  145:3   warning  Mixed spaces and tabs                     no-mixed-spaces-and-tabs
  146:3   warning  Mixed spaces and tabs                     no-mixed-spaces-and-tabs
  147:3   warning  Mixed spaces and tabs                     no-mixed-spaces-and-tabs
  148:3   warning  Mixed spaces and tabs                     no-mixed-spaces-and-tabs
  149:3   warning  Mixed spaces and tabs                     no-mixed-spaces-and-tabs
  150:3   warning  Mixed spaces and tabs                     no-mixed-spaces-and-tabs
  151:3   warning  Mixed spaces and tabs                     no-mixed-spaces-and-tabs
  152:3   warning  Mixed spaces and tabs                     no-mixed-spaces-and-tabs
  153:3   warning  Mixed spaces and tabs                     no-mixed-spaces-and-tabs
  154:3   warning  Mixed spaces and tabs                     no-mixed-spaces-and-tabs
  155:3   warning  Mixed spaces and tabs                     no-mixed-spaces-and-tabs
  156:3   warning  Mixed spaces and tabs                     no-mixed-spaces-and-tabs
  157:3   warning  Mixed spaces and tabs                     no-mixed-spaces-and-tabs
  158:3   warning  Mixed spaces and tabs                     no-mixed-spaces-and-tabs
  159:3   warning  Mixed spaces and tabs                     no-mixed-spaces-and-tabs
  160:3   warning  Mixed spaces and tabs                     no-mixed-spaces-and-tabs
  161:3   warning  Mixed spaces and tabs                     no-mixed-spaces-and-tabs
  162:3   warning  Mixed spaces and tabs                     no-mixed-spaces-and-tabs
  163:3   warning  Mixed spaces and tabs                     no-mixed-spaces-and-tabs
  164:3   warning  Mixed spaces and tabs                     no-mixed-spaces-and-tabs
  165:3   warning  Mixed spaces and tabs                     no-mixed-spaces-and-tabs
  166:3   warning  Mixed spaces and tabs                     no-mixed-spaces-and-tabs
  167:3   warning  Mixed spaces and tabs                     no-mixed-spaces-and-tabs
  168:3   warning  Mixed spaces and tabs                     no-mixed-spaces-and-tabs
  169:3   warning  Mixed spaces and tabs                     no-mixed-spaces-and-tabs
  170:3   warning  Mixed spaces and tabs                     no-mixed-spaces-and-tabs
  171:3   warning  Mixed spaces and tabs                     no-mixed-spaces-and-tabs
  172:3   warning  Mixed spaces and tabs                     no-mixed-spaces-and-tabs
  173:3   warning  Mixed spaces and tabs                     no-mixed-spaces-and-tabs
  174:3   warning  Mixed spaces and tabs                     no-mixed-spaces-and-tabs
  175:3   warning  Mixed spaces and tabs                     no-mixed-spaces-and-tabs
  176:3   warning  Mixed spaces and tabs                     no-mixed-spaces-and-tabs
  177:3   warning  Mixed spaces and tabs                     no-mixed-spaces-and-tabs
  178:3   warning  Mixed spaces and tabs                     no-mixed-spaces-and-tabs
  179:3   warning  Mixed spaces and tabs                     no-mixed-spaces-and-tabs
  180:3   warning  Mixed spaces and tabs                     no-mixed-spaces-and-tabs
  181:3   warning  Mixed spaces and tabs                     no-mixed-spaces-and-tabs
  182:3   warning  Mixed spaces and tabs                     no-mixed-spaces-and-tabs
  183:2   warning  Mixed spaces and tabs                     no-mixed-spaces-and-tabs
  184:2   warning  Mixed spaces and tabs                     no-mixed-spaces-and-tabs
  185:2   warning  Mixed spaces and tabs                     no-mixed-spaces-and-tabs
  186:2   warning  Mixed spaces and tabs                     no-mixed-spaces-and-tabs
  187:2   warning  Mixed spaces and tabs                     no-mixed-spaces-and-tabs
  188:2   warning  Mixed spaces and tabs                     no-mixed-spaces-and-tabs
  189:2   warning  Mixed spaces and tabs                     no-mixed-spaces-and-tabs
  190:2   warning  Mixed spaces and tabs                     no-mixed-spaces-and-tabs
  191:2   warning  Mixed spaces and tabs                     no-mixed-spaces-and-tabs
  192:2   warning  Mixed spaces and tabs                     no-mixed-spaces-and-tabs
  193:2   warning  Mixed spaces and tabs                     no-mixed-spaces-and-tabs
  194:2   warning  Mixed spaces and tabs                     no-mixed-spaces-and-tabs
  195:1   warning  Mixed spaces and tabs                     no-mixed-spaces-and-tabs
  196:1   warning  Mixed spaces and tabs                     no-mixed-spaces-and-tabs
  197:2   warning  Mixed spaces and tabs                     no-mixed-spaces-and-tabs
  198:1   warning  Mixed spaces and tabs                     no-mixed-spaces-and-tabs
  199:1   warning  Mixed spaces and tabs                     no-mixed-spaces-and-tabs
  200:1   warning  Mixed spaces and tabs                     no-mixed-spaces-and-tabs
  201:2   warning  Mixed spaces and tabs                     no-mixed-spaces-and-tabs
  202:1   warning  Mixed spaces and tabs                     no-mixed-spaces-and-tabs
  203:1   warning  Mixed spaces and tabs                     no-mixed-spaces-and-tabs
  204:1   warning  Mixed spaces and tabs                     no-mixed-spaces-and-tabs
  205:2   warning  Mixed spaces and tabs                     no-mixed-spaces-and-tabs
  206:2   warning  Mixed spaces and tabs                     no-mixed-spaces-and-tabs
  207:2   warning  Mixed spaces and tabs                     no-mixed-spaces-and-tabs
  208:2   warning  Mixed spaces and tabs                     no-mixed-spaces-and-tabs
  209:2   warning  Mixed spaces and tabs                     no-mixed-spaces-and-tabs
  210:2   warning  Mixed spaces and tabs                     no-mixed-spaces-and-tabs
  211:2   warning  Mixed spaces and tabs                     no-mixed-spaces-and-tabs
  212:2   warning  Mixed spaces and tabs                     no-mixed-spaces-and-tabs
  213:2   warning  Mixed spaces and tabs                     no-mixed-spaces-and-tabs
  214:2   warning  Mixed spaces and tabs                     no-mixed-spaces-and-tabs
  215:2   warning  Mixed spaces and tabs                     no-mixed-spaces-and-tabs
  216:1   warning  Mixed spaces and tabs                     no-mixed-spaces-and-tabs
  217:1   warning  Mixed spaces and tabs                     no-mixed-spaces-and-tabs
  218:2   warning  Mixed spaces and tabs                     no-mixed-spaces-and-tabs
  219:1   warning  Mixed spaces and tabs                     no-mixed-spaces-and-tabs
  220:1   warning  Mixed spaces and tabs                     no-mixed-spaces-and-tabs
  221:1   warning  Mixed spaces and tabs                     no-mixed-spaces-and-tabs
  222:2   warning  Mixed spaces and tabs                     no-mixed-spaces-and-tabs
  223:1   warning  Mixed spaces and tabs                     no-mixed-spaces-and-tabs
  224:1   warning  Mixed spaces and tabs                     no-mixed-spaces-and-tabs
  225:1   warning  Mixed spaces and tabs                     no-mixed-spaces-and-tabs
  226:1   warning  Mixed spaces and tabs                     no-mixed-spaces-and-tabs
  226:9   warning  '$' is not defined                        no-undef
  227:1   warning  Mixed spaces and tabs                     no-mixed-spaces-and-tabs
  229:3   warning  '$' is not defined                        no-undef
  231:4   warning  'muxVal' is not defined                   no-undef
  231:11  warning  '$' is not defined                        no-undef
  232:26  warning  'muxVal' is not defined                   no-undef
  233:28  warning  'L' is not defined                        no-undef
  234:31  warning  'maxSigma' is not defined                 no-undef
  234:40  warning  'faceSigma' is not defined                no-undef
  234:62  warning  'bcVal' is not defined                    no-undef
  234:69  warning  'L' is not defined                        no-undef
  235:26  warning  'faceSigma' is not defined                no-undef
  235:36  warning  'L' is not defined                        no-undef
  235:49  warning  'bcVal' is not defined                    no-undef
  235:57  warning  'L' is not defined                        no-undef
  236:4   warning  'bendingMomentLFTemp' is not defined      no-undef
  237:20  warning  'bendingMomentLFTemp' is not defined      no-undef
  239:3   warning  Mixed spaces and tabs                     no-mixed-spaces-and-tabs
  239:8   warning  'muxVal' is not defined                   no-undef
  240:5   warning  '$' is not defined                        no-undef
  243:10  warning  'muxVal' is not defined                   no-undef
  245:6   warning  Mixed spaces and tabs                     no-mixed-spaces-and-tabs
  245:8   warning  '$' is not defined                        no-undef
  246:6   warning  Mixed spaces and tabs                     no-mixed-spaces-and-tabs
  246:8   warning  '$' is not defined                        no-undef
  247:6   warning  Mixed spaces and tabs                     no-mixed-spaces-and-tabs
  247:8   warning  '$' is not defined                        no-undef
  251:7   warning  '$' is not defined                        no-undef
  254:10  warning  'muxVal' is not defined                   no-undef
  256:6   warning  Mixed spaces and tabs                     no-mixed-spaces-and-tabs
  256:8   warning  '$' is not defined                        no-undef
  257:6   warning  Mixed spaces and tabs                     no-mixed-spaces-and-tabs
  257:8   warning  '$' is not defined                        no-undef
  258:6   warning  Mixed spaces and tabs                     no-mixed-spaces-and-tabs
  258:8   warning  '$' is not defined                        no-undef
  261:7   warning  '$' is not defined                        no-undef
  264:6   warning  'muxVal' is not defined                   no-undef
  264:25  warning  '$' is not defined                        no-undef
  266:10  warning  'muxVal' is not defined                   no-undef
  268:6   warning  Mixed spaces and tabs                     no-mixed-spaces-and-tabs
  268:8   warning  '$' is not defined                        no-undef
  269:6   warning  Mixed spaces and tabs                     no-mixed-spaces-and-tabs
  269:8   warning  '$' is not defined                        no-undef
  270:6   warning  Mixed spaces and tabs                     no-mixed-spaces-and-tabs
  270:8   warning  '$' is not defined                        no-undef
  272:7   warning  '$' is not defined                        no-undef
  281:3   warning  '$' is not defined                        no-undef
  283:4   warning  'muyVal' is not defined                   no-undef
  283:11  warning  '$' is not defined                        no-undef
  284:26  warning  'muyVal' is not defined                   no-undef
  285:17  warning  'bfVal' is not defined                    no-undef
  285:23  warning  'dcVal' is not defined                    no-undef
  288:37  warning  'faceSigma' is not defined                no-undef
  288:59  warning  'lfVal' is not defined                    no-undef
  290:4   warning  'bendingMomentBF' is not defined          no-undef
  291:8   warning  'bendingMomentBF' is not defined          no-undef
  292:3   warning  Mixed spaces and tabs                     no-mixed-spaces-and-tabs
  292:8   warning  'muyVal' is not defined                   no-undef
  293:5   warning  '$' is not defined                        no-undef
  296:10  warning  'muyVal' is not defined                   no-undef
  296:18  warning  'bendingMomentBF' is not defined          no-undef
  298:6   warning  Mixed spaces and tabs                     no-mixed-spaces-and-tabs
  298:8   warning  '$' is not defined                        no-undef
  299:6   warning  Mixed spaces and tabs                     no-mixed-spaces-and-tabs
  299:8   warning  '$' is not defined                        no-undef
  300:6   warning  Mixed spaces and tabs                     no-mixed-spaces-and-tabs
  300:8   warning  '$' is not defined                        no-undef
  304:7   warning  '$' is not defined                        no-undef
  307:10  warning  'muyVal' is not defined                   no-undef
  307:18  warning  'bendingMomentBF' is not defined          no-undef
  309:6   warning  Mixed spaces and tabs                     no-mixed-spaces-and-tabs
  309:8   warning  '$' is not defined                        no-undef
  310:6   warning  Mixed spaces and tabs                     no-mixed-spaces-and-tabs
  310:8   warning  '$' is not defined                        no-undef
  311:6   warning  Mixed spaces and tabs                     no-mixed-spaces-and-tabs
  311:8   warning  '$' is not defined                        no-undef
  314:7   warning  '$' is not defined                        no-undef
  317:6   warning  'muyVal' is not defined                   no-undef
  317:25  warning  '$' is not defined                        no-undef
  319:10  warning  'muyVal' is not defined                   no-undef
  319:18  warning  'bendingMomentBF' is not defined          no-undef
  321:6   warning  Mixed spaces and tabs                     no-mixed-spaces-and-tabs
  321:8   warning  '$' is not defined                        no-undef
  322:6   warning  Mixed spaces and tabs                     no-mixed-spaces-and-tabs
  322:8   warning  '$' is not defined                        no-undef
  323:6   warning  Mixed spaces and tabs                     no-mixed-spaces-and-tabs
  323:8   warning  '$' is not defined                        no-undef
  325:7   warning  '$' is not defined                        no-undef
  325:67  warning  'bendingMomentBF' is not defined          no-undef
  331:2   warning  Mixed spaces and tabs                     no-mixed-spaces-and-tabs
  332:2   warning  Mixed spaces and tabs                     no-mixed-spaces-and-tabs
  333:4   warning  '$' is not defined                        no-undef
  334:4   warning  Mixed spaces and tabs                     no-mixed-spaces-and-tabs
  337:7   warning  'flow' is not defined                     no-undef
  337:23  warning  '$' is not defined                        no-undef
  338:6   warning  Mixed spaces and tabs                     no-mixed-spaces-and-tabs
  338:21  warning  'MasterJson' is not defined               no-undef
  339:5   warning  Mixed spaces and tabs                     no-mixed-spaces-and-tabs
  339:24  warning  'MasterJson' is not defined               no-undef
  340:5   warning  Mixed spaces and tabs                     no-mixed-spaces-and-tabs
  341:5   warning  Mixed spaces and tabs                     no-mixed-spaces-and-tabs
  343:5   warning  Mixed spaces and tabs                     no-mixed-spaces-and-tabs
  344:5   warning  Mixed spaces and tabs                     no-mixed-spaces-and-tabs
  345:5   warning  Mixed spaces and tabs                     no-mixed-spaces-and-tabs
  345:33  warning  'MasterJson' is not defined               no-undef
  347:5   warning  Mixed spaces and tabs                     no-mixed-spaces-and-tabs
  348:5   warning  Mixed spaces and tabs                     no-mixed-spaces-and-tabs
  349:5   warning  Mixed spaces and tabs                     no-mixed-spaces-and-tabs
  350:5   warning  Mixed spaces and tabs                     no-mixed-spaces-and-tabs
  351:5   warning  Mixed spaces and tabs                     no-mixed-spaces-and-tabs
  352:5   warning  Mixed spaces and tabs                     no-mixed-spaces-and-tabs
  353:5   warning  Mixed spaces and tabs                     no-mixed-spaces-and-tabs
  354:5   warning  Mixed spaces and tabs                     no-mixed-spaces-and-tabs
  355:5   warning  Mixed spaces and tabs                     no-mixed-spaces-and-tabs
  357:5   warning  Mixed spaces and tabs                     no-mixed-spaces-and-tabs
  358:5   warning  Mixed spaces and tabs                     no-mixed-spaces-and-tabs
  358:15  warning  '$' is not defined                        no-undef
  359:5   warning  Mixed spaces and tabs                     no-mixed-spaces-and-tabs
  360:5   warning  Mixed spaces and tabs                     no-mixed-spaces-and-tabs
  362:5   warning  Mixed spaces and tabs                     no-mixed-spaces-and-tabs
  363:5   warning  Mixed spaces and tabs                     no-mixed-spaces-and-tabs
  364:5   warning  Mixed spaces and tabs                     no-mixed-spaces-and-tabs
  365:5   warning  Mixed spaces and tabs                     no-mixed-spaces-and-tabs
  366:5   warning  Mixed spaces and tabs                     no-mixed-spaces-and-tabs
  367:5   warning  Mixed spaces and tabs                     no-mixed-spaces-and-tabs
  368:5   warning  Mixed spaces and tabs                     no-mixed-spaces-and-tabs
  368:14  warning  '$' is not defined                        no-undef
  369:5   warning  Mixed spaces and tabs                     no-mixed-spaces-and-tabs
  370:5   warning  Mixed spaces and tabs                     no-mixed-spaces-and-tabs
  370:13  warning  '$' is not defined                        no-undef
  371:5   warning  Mixed spaces and tabs                     no-mixed-spaces-and-tabs
  372:6   warning  Mixed spaces and tabs                     no-mixed-spaces-and-tabs
  372:12  warning  'flow' is not defined                     no-undef
  374:8   warning  '$' is not defined                        no-undef
  379:24  warning  'flow' is not defined                     no-undef
  382:11  warning  '$' is not defined                        no-undef
  383:11  warning  '$' is not defined                        no-undef
  384:11  warning  '$' is not defined                        no-undef
  387:31  warning  'flow' is not defined                     no-undef
  388:10  warning  Mixed spaces and tabs                     no-mixed-spaces-and-tabs
  388:12  warning  '$' is not defined                        no-undef
  390:10  warning  '$' is not defined                        no-undef
  394:9   warning  Mixed spaces and tabs                     no-mixed-spaces-and-tabs
  394:11  warning  '$' is not defined                        no-undef
  395:10  warning  '$' is not defined                        no-undef
  399:10  warning  'flow' is not defined                     no-undef
  399:28  warning  '$' is not defined                        no-undef
  401:24  warning  'flow' is not defined                     no-undef
  404:11  warning  '$' is not defined                        no-undef
  405:11  warning  '$' is not defined                        no-undef
  406:11  warning  '$' is not defined                        no-undef
  412:10  warning  Mixed spaces and tabs                     no-mixed-spaces-and-tabs
  412:12  warning  '$' is not defined                        no-undef
  413:11  warning  '$' is not defined                        no-undef
  418:5   warning  Mixed spaces and tabs                     no-mixed-spaces-and-tabs
  424:12  warning  'MasterJson' is not defined               no-undef
  425:10  warning  'consVal' is defined but never used       no-unused-vars
  427:4   warning  Mixed spaces and tabs                     no-mixed-spaces-and-tabs
  427:29  warning  'MasterJson' is not defined               no-undef
  431:6   warning  '$' is not defined                        no-undef
  437:6   warning  '$' is not defined                        no-undef
  442:6   warning  '$' is not defined                        no-undef
  447:6   warning  '$' is not defined                        no-undef
  451:4   warning  Mixed spaces and tabs                     no-mixed-spaces-and-tabs
  451:6   warning  '$' is not defined                        no-undef
  453:3   warning  Mixed spaces and tabs                     no-mixed-spaces-and-tabs
  453:5   warning  '$' is not defined                        no-undef
  454:4   warning  Mixed spaces and tabs                     no-mixed-spaces-and-tabs
  454:6   warning  '$' is not defined                        no-undef
  455:4   warning  Mixed spaces and tabs                     no-mixed-spaces-and-tabs
  455:6   warning  '$' is not defined                        no-undef
  456:4   warning  Mixed spaces and tabs                     no-mixed-spaces-and-tabs
  456:6   warning  '$' is not defined                        no-undef
  457:24  warning  '$' is not defined                        no-undef
  460:6   warning  '$' is not defined                        no-undef
  464:6   warning  '$' is not defined                        no-undef
  466:7   warning  '$' is not defined                        no-undef
  471:3   warning  Mixed spaces and tabs                     no-mixed-spaces-and-tabs
  472:3   warning  Mixed spaces and tabs                     no-mixed-spaces-and-tabs
  473:3   warning  Mixed spaces and tabs                     no-mixed-spaces-and-tabs
  474:5   warning  '$' is not defined                        no-undef
  475:5   warning  Mixed spaces and tabs                     no-mixed-spaces-and-tabs
  478:7   warning  Mixed spaces and tabs                     no-mixed-spaces-and-tabs
  478:10  warning  'flow' is not defined                     no-undef
  478:26  warning  '$' is not defined                        no-undef
  479:7   warning  Mixed spaces and tabs                     no-mixed-spaces-and-tabs
  479:23  warning  'MasterJson' is not defined               no-undef
  480:6   warning  Mixed spaces and tabs                     no-mixed-spaces-and-tabs
  480:25  warning  'MasterJson' is not defined               no-undef
  481:6   warning  Mixed spaces and tabs                     no-mixed-spaces-and-tabs
  482:6   warning  Mixed spaces and tabs                     no-mixed-spaces-and-tabs
  484:6   warning  Mixed spaces and tabs                     no-mixed-spaces-and-tabs
  485:6   warning  Mixed spaces and tabs                     no-mixed-spaces-and-tabs
  486:6   warning  Mixed spaces and tabs                     no-mixed-spaces-and-tabs
  486:34  warning  'MasterJson' is not defined               no-undef
  488:6   warning  Mixed spaces and tabs                     no-mixed-spaces-and-tabs
  489:6   warning  Mixed spaces and tabs                     no-mixed-spaces-and-tabs
  490:6   warning  Mixed spaces and tabs                     no-mixed-spaces-and-tabs
  491:6   warning  Mixed spaces and tabs                     no-mixed-spaces-and-tabs
  492:6   warning  Mixed spaces and tabs                     no-mixed-spaces-and-tabs
  493:6   warning  Mixed spaces and tabs                     no-mixed-spaces-and-tabs
  494:6   warning  Mixed spaces and tabs                     no-mixed-spaces-and-tabs
  495:6   warning  Mixed spaces and tabs                     no-mixed-spaces-and-tabs
  496:6   warning  Mixed spaces and tabs                     no-mixed-spaces-and-tabs
  498:6   warning  Mixed spaces and tabs                     no-mixed-spaces-and-tabs
  499:6   warning  Mixed spaces and tabs                     no-mixed-spaces-and-tabs
  499:16  warning  '$' is not defined                        no-undef
  500:6   warning  Mixed spaces and tabs                     no-mixed-spaces-and-tabs
  501:6   warning  Mixed spaces and tabs                     no-mixed-spaces-and-tabs
  503:6   warning  Mixed spaces and tabs                     no-mixed-spaces-and-tabs
  504:6   warning  Mixed spaces and tabs                     no-mixed-spaces-and-tabs
  505:6   warning  Mixed spaces and tabs                     no-mixed-spaces-and-tabs
  506:6   warning  Mixed spaces and tabs                     no-mixed-spaces-and-tabs
  507:6   warning  Mixed spaces and tabs                     no-mixed-spaces-and-tabs
  508:6   warning  Mixed spaces and tabs                     no-mixed-spaces-and-tabs
  509:6   warning  Mixed spaces and tabs                     no-mixed-spaces-and-tabs
  509:15  warning  '$' is not defined                        no-undef
  510:6   warning  Mixed spaces and tabs                     no-mixed-spaces-and-tabs
  511:6   warning  Mixed spaces and tabs                     no-mixed-spaces-and-tabs
  511:14  warning  '$' is not defined                        no-undef
  512:6   warning  Mixed spaces and tabs                     no-mixed-spaces-and-tabs
  513:7   warning  Mixed spaces and tabs                     no-mixed-spaces-and-tabs
  513:13  warning  'flow' is not defined                     no-undef
  515:9   warning  '$' is not defined                        no-undef
  521:26  warning  'flow' is not defined                     no-undef
  524:12  warning  '$' is not defined                        no-undef
  525:12  warning  '$' is not defined                        no-undef
  526:12  warning  '$' is not defined                        no-undef
  529:33  warning  'flow' is not defined                     no-undef
  530:11  warning  Mixed spaces and tabs                     no-mixed-spaces-and-tabs
  530:13  warning  '$' is not defined                        no-undef
  532:11  warning  '$' is not defined                        no-undef
  536:10  warning  Mixed spaces and tabs                     no-mixed-spaces-and-tabs
  536:12  warning  '$' is not defined                        no-undef
  537:11  warning  '$' is not defined                        no-undef
  541:11  warning  'flow' is not defined                     no-undef
  541:29  warning  '$' is not defined                        no-undef
  543:26  warning  'flow' is not defined                     no-undef
  546:12  warning  '$' is not defined                        no-undef
  547:12  warning  '$' is not defined                        no-undef
  548:12  warning  '$' is not defined                        no-undef
  554:11  warning  Mixed spaces and tabs                     no-mixed-spaces-and-tabs
  554:13  warning  '$' is not defined                        no-undef
  555:12  warning  '$' is not defined                        no-undef
  561:6   warning  Mixed spaces and tabs                     no-mixed-spaces-and-tabs
  567:13  warning  'MasterJson' is not defined               no-undef
  568:11  warning  'consVal' is defined but never used       no-unused-vars
  570:5   warning  Mixed spaces and tabs                     no-mixed-spaces-and-tabs
  570:30  warning  'MasterJson' is not defined               no-undef
  574:7   warning  '$' is not defined                        no-undef
  580:7   warning  '$' is not defined                        no-undef
  585:7   warning  '$' is not defined                        no-undef
  590:7   warning  '$' is not defined                        no-undef
  593:5   warning  Mixed spaces and tabs                     no-mixed-spaces-and-tabs
  593:7   warning  '$' is not defined                        no-undef
  594:5   warning  Mixed spaces and tabs                     no-mixed-spaces-and-tabs
  594:7   warning  '$' is not defined                        no-undef
  596:4   warning  Mixed spaces and tabs                     no-mixed-spaces-and-tabs
  596:6   warning  '$' is not defined                        no-undef
  597:5   warning  Mixed spaces and tabs                     no-mixed-spaces-and-tabs
  597:7   warning  '$' is not defined                        no-undef
  598:5   warning  Mixed spaces and tabs                     no-mixed-spaces-and-tabs
  598:7   warning  '$' is not defined                        no-undef
  599:24  warning  '$' is not defined                        no-undef
  602:7   warning  '$' is not defined                        no-undef
  606:7   warning  '$' is not defined                        no-undef
  608:8   warning  '$' is not defined                        no-undef
  610:7   warning  '$' is not defined                        no-undef

/home/runner/work/exp-rc-footing-bending-moment-coep/exp-rc-footing-bending-moment-coep/experiment/simulation/src/ConfigrationPage.js
    1:66  warning  'sbcVal' is defined but never used            no-unused-vars
    5:1   warning  'MasterJson' is not defined                   no-undef
    6:10  warning  'ConfigrationPage' is defined but never used  no-unused-vars
    9:1   warning  Mixed spaces and tabs                         no-mixed-spaces-and-tabs
   10:1   warning  Mixed spaces and tabs                         no-mixed-spaces-and-tabs
   11:1   warning  Mixed spaces and tabs                         no-mixed-spaces-and-tabs
   12:1   warning  Mixed spaces and tabs                         no-mixed-spaces-and-tabs
   13:1   warning  Mixed spaces and tabs                         no-mixed-spaces-and-tabs
   14:1   warning  Mixed spaces and tabs                         no-mixed-spaces-and-tabs
   15:1   warning  Mixed spaces and tabs                         no-mixed-spaces-and-tabs
   16:1   warning  Mixed spaces and tabs                         no-mixed-spaces-and-tabs
   17:1   warning  Mixed spaces and tabs                         no-mixed-spaces-and-tabs
   18:1   warning  Mixed spaces and tabs                         no-mixed-spaces-and-tabs
   19:1   warning  Mixed spaces and tabs                         no-mixed-spaces-and-tabs
   20:1   warning  Mixed spaces and tabs                         no-mixed-spaces-and-tabs
   21:1   warning  Mixed spaces and tabs                         no-mixed-spaces-and-tabs
   22:1   warning  Mixed spaces and tabs                         no-mixed-spaces-and-tabs
   23:1   warning  Mixed spaces and tabs                         no-mixed-spaces-and-tabs
   24:1   warning  Mixed spaces and tabs                         no-mixed-spaces-and-tabs
   25:1   warning  Mixed spaces and tabs                         no-mixed-spaces-and-tabs
   26:2   warning  Mixed spaces and tabs                         no-mixed-spaces-and-tabs
   27:1   warning  Mixed spaces and tabs                         no-mixed-spaces-and-tabs
   28:1   warning  Mixed spaces and tabs                         no-mixed-spaces-and-tabs
   29:1   warning  Mixed spaces and tabs                         no-mixed-spaces-and-tabs
   30:1   warning  Mixed spaces and tabs                         no-mixed-spaces-and-tabs
   31:1   warning  Mixed spaces and tabs                         no-mixed-spaces-and-tabs
   32:1   warning  Mixed spaces and tabs                         no-mixed-spaces-and-tabs
   33:1   warning  Mixed spaces and tabs                         no-mixed-spaces-and-tabs
   34:1   warning  Mixed spaces and tabs                         no-mixed-spaces-and-tabs
   35:1   warning  Mixed spaces and tabs                         no-mixed-spaces-and-tabs
   36:1   warning  Mixed spaces and tabs                         no-mixed-spaces-and-tabs
   37:1   warning  Mixed spaces and tabs                         no-mixed-spaces-and-tabs
   38:1   warning  Mixed spaces and tabs                         no-mixed-spaces-and-tabs
   39:1   warning  Mixed spaces and tabs                         no-mixed-spaces-and-tabs
   40:1   warning  Mixed spaces and tabs                         no-mixed-spaces-and-tabs
   41:1   warning  Mixed spaces and tabs                         no-mixed-spaces-and-tabs
   42:1   warning  Mixed spaces and tabs                         no-mixed-spaces-and-tabs
   43:1   warning  Mixed spaces and tabs                         no-mixed-spaces-and-tabs
   44:1   warning  Mixed spaces and tabs                         no-mixed-spaces-and-tabs
   45:1   warning  Mixed spaces and tabs                         no-mixed-spaces-and-tabs
   46:1   warning  Mixed spaces and tabs                         no-mixed-spaces-and-tabs
   47:1   warning  Mixed spaces and tabs                         no-mixed-spaces-and-tabs
   48:1   warning  Mixed spaces and tabs                         no-mixed-spaces-and-tabs
   49:1   warning  Mixed spaces and tabs                         no-mixed-spaces-and-tabs
   50:1   warning  Mixed spaces and tabs                         no-mixed-spaces-and-tabs
   51:1   warning  Mixed spaces and tabs                         no-mixed-spaces-and-tabs
   52:1   warning  Mixed spaces and tabs                         no-mixed-spaces-and-tabs
   53:1   warning  Mixed spaces and tabs                         no-mixed-spaces-and-tabs
   54:1   warning  Mixed spaces and tabs                         no-mixed-spaces-and-tabs
   55:1   warning  Mixed spaces and tabs                         no-mixed-spaces-and-tabs
   56:1   warning  Mixed spaces and tabs                         no-mixed-spaces-and-tabs
   57:1   warning  Mixed spaces and tabs                         no-mixed-spaces-and-tabs
   58:1   warning  Mixed spaces and tabs                         no-mixed-spaces-and-tabs
   59:1   warning  Mixed spaces and tabs                         no-mixed-spaces-and-tabs
   60:1   warning  Mixed spaces and tabs                         no-mixed-spaces-and-tabs
   61:1   warning  Mixed spaces and tabs                         no-mixed-spaces-and-tabs
   62:1   warning  Mixed spaces and tabs                         no-mixed-spaces-and-tabs
   63:1   warning  Mixed spaces and tabs                         no-mixed-spaces-and-tabs
   64:1   warning  Mixed spaces and tabs                         no-mixed-spaces-and-tabs
   65:1   warning  Mixed spaces and tabs                         no-mixed-spaces-and-tabs
   66:1   warning  Mixed spaces and tabs                         no-mixed-spaces-and-tabs
   67:1   warning  Mixed spaces and tabs                         no-mixed-spaces-and-tabs
   68:1   warning  Mixed spaces and tabs                         no-mixed-spaces-and-tabs
   69:1   warning  Mixed spaces and tabs                         no-mixed-spaces-and-tabs
   70:1   warning  Mixed spaces and tabs                         no-mixed-spaces-and-tabs
   71:1   warning  Mixed spaces and tabs                         no-mixed-spaces-and-tabs
   72:1   warning  Mixed spaces and tabs                         no-mixed-spaces-and-tabs
   73:1   warning  Mixed spaces and tabs                         no-mixed-spaces-and-tabs
   74:1   warning  Mixed spaces and tabs                         no-mixed-spaces-and-tabs
   75:1   warning  Mixed spaces and tabs                         no-mixed-spaces-and-tabs
   76:1   warning  Mixed spaces and tabs                         no-mixed-spaces-and-tabs
   77:1   warning  Mixed spaces and tabs                         no-mixed-spaces-and-tabs
   78:1   warning  Mixed spaces and tabs                         no-mixed-spaces-and-tabs
   79:1   warning  Mixed spaces and tabs                         no-mixed-spaces-and-tabs
   80:1   warning  Mixed spaces and tabs                         no-mixed-spaces-and-tabs
   81:1   warning  Mixed spaces and tabs                         no-mixed-spaces-and-tabs
   82:1   warning  Mixed spaces and tabs                         no-mixed-spaces-and-tabs
   84:1   warning  Mixed spaces and tabs                         no-mixed-spaces-and-tabs
   85:1   warning  Mixed spaces and tabs                         no-mixed-spaces-and-tabs
   86:1   warning  Mixed spaces and tabs                         no-mixed-spaces-and-tabs
   87:1   warning  Mixed spaces and tabs                         no-mixed-spaces-and-tabs
   88:1   warning  Mixed spaces and tabs                         no-mixed-spaces-and-tabs
   89:1   warning  Mixed spaces and tabs                         no-mixed-spaces-and-tabs
   90:1   warning  Mixed spaces and tabs                         no-mixed-spaces-and-tabs
   91:1   warning  Mixed spaces and tabs                         no-mixed-spaces-and-tabs
   92:1   warning  Mixed spaces and tabs                         no-mixed-spaces-and-tabs
   93:1   warning  Mixed spaces and tabs                         no-mixed-spaces-and-tabs
   94:1   warning  Mixed spaces and tabs                         no-mixed-spaces-and-tabs
   95:1   warning  Mixed spaces and tabs                         no-mixed-spaces-and-tabs
   96:1   warning  Mixed spaces and tabs                         no-mixed-spaces-and-tabs
   98:1   warning  Mixed spaces and tabs                         no-mixed-spaces-and-tabs
   99:1   warning  Mixed spaces and tabs                         no-mixed-spaces-and-tabs
  101:1   warning  Mixed spaces and tabs                         no-mixed-spaces-and-tabs
  102:1   warning  Mixed spaces and tabs                         no-mixed-spaces-and-tabs
  103:1   warning  Mixed spaces and tabs                         no-mixed-spaces-and-tabs
  104:1   warning  Mixed spaces and tabs                         no-mixed-spaces-and-tabs
  105:1   warning  Mixed spaces and tabs                         no-mixed-spaces-and-tabs
  106:1   warning  Mixed spaces and tabs                         no-mixed-spaces-and-tabs
  107:1   warning  Mixed spaces and tabs                         no-mixed-spaces-and-tabs
  108:1   warning  Mixed spaces and tabs                         no-mixed-spaces-and-tabs
  109:1   warning  Mixed spaces and tabs                         no-mixed-spaces-and-tabs
  110:1   warning  Mixed spaces and tabs                         no-mixed-spaces-and-tabs
  111:1   warning  Mixed spaces and tabs                         no-mixed-spaces-and-tabs
  112:1   warning  Mixed spaces and tabs                         no-mixed-spaces-and-tabs
  113:1   warning  Mixed spaces and tabs                         no-mixed-spaces-and-tabs
  114:1   warning  Mixed spaces and tabs                         no-mixed-spaces-and-tabs
  116:1   warning  Mixed spaces and tabs                         no-mixed-spaces-and-tabs
  118:2   warning  Mixed spaces and tabs                         no-mixed-spaces-and-tabs
  119:2   warning  Mixed spaces and tabs                         no-mixed-spaces-and-tabs
  120:1   warning  Mixed spaces and tabs                         no-mixed-spaces-and-tabs
  120:5   warning  '$' is not defined                            no-undef
  134:5   warning  '$' is not defined                            no-undef
  135:5   warning  '$' is not defined                            no-undef
  140:5   warning  '$' is not defined                            no-undef
  141:25  warning  '$' is not defined                            no-undef
  142:7   warning  '$' is not defined                            no-undef
  146:9   warning  'rangeValue' is defined but never used        no-unused-vars
  148:5   warning  '$' is not defined                            no-undef
  149:7   warning  '$' is not defined                            no-undef
  149:29  warning  '$' is not defined                            no-undef
  150:7   warning  'rangeValue1' is not defined                  no-undef
  150:28  warning  '$' is not defined                            no-undef
  153:1   warning  '$' is not defined                            no-undef
  155:15  warning  '$' is not defined                            no-undef
  164:4   warning  Mixed spaces and tabs                         no-mixed-spaces-and-tabs
  164:6   warning  '$' is not defined                            no-undef
  165:4   warning  Mixed spaces and tabs                         no-mixed-spaces-and-tabs
  165:6   warning  'toastr' is not defined                       no-undef
  169:4   warning  Mixed spaces and tabs                         no-mixed-spaces-and-tabs
  169:6   warning  '$' is not defined                            no-undef
  170:4   warning  Mixed spaces and tabs                         no-mixed-spaces-and-tabs
  170:6   warning  'toastr' is not defined                       no-undef
  174:4   warning  Mixed spaces and tabs                         no-mixed-spaces-and-tabs
  174:6   warning  '$' is not defined                            no-undef
  175:4   warning  Mixed spaces and tabs                         no-mixed-spaces-and-tabs
  175:6   warning  'toastr' is not defined                       no-undef
  179:1   warning  '$' is not defined                            no-undef
  181:15  warning  '$' is not defined                            no-undef
  190:4   warning  Mixed spaces and tabs                         no-mixed-spaces-and-tabs
  190:6   warning  '$' is not defined                            no-undef
  191:4   warning  Mixed spaces and tabs                         no-mixed-spaces-and-tabs
  191:6   warning  'toastr' is not defined                       no-undef
  195:4   warning  Mixed spaces and tabs                         no-mixed-spaces-and-tabs
  195:6   warning  '$' is not defined                            no-undef
  196:4   warning  Mixed spaces and tabs                         no-mixed-spaces-and-tabs
  196:6   warning  'toastr' is not defined                       no-undef
  200:4   warning  Mixed spaces and tabs                         no-mixed-spaces-and-tabs
  200:6   warning  '$' is not defined                            no-undef
  201:4   warning  Mixed spaces and tabs                         no-mixed-spaces-and-tabs
  201:6   warning  'toastr' is not defined                       no-undef
  207:1   warning  '$' is not defined                            no-undef
  209:17  warning  '$' is not defined                            no-undef
  213:4   warning  Mixed spaces and tabs                         no-mixed-spaces-and-tabs
  213:6   warning  'toastr' is not defined                       no-undef
  219:1   warning  '$' is not defined                            no-undef
  221:14  warning  '$' is not defined                            no-undef
  225:4   warning  Mixed spaces and tabs                         no-mixed-spaces-and-tabs
  225:6   warning  'toastr' is not defined                       no-undef
  230:1   warning  '$' is not defined                            no-undef
  232:12  warning  '$' is not defined                            no-undef
  241:4   warning  Mixed spaces and tabs                         no-mixed-spaces-and-tabs
  241:6   warning  '$' is not defined                            no-undef
  242:4   warning  Mixed spaces and tabs                         no-mixed-spaces-and-tabs
  243:4   warning  Mixed spaces and tabs                         no-mixed-spaces-and-tabs
  243:6   warning  'toastr' is not defined                       no-undef
  247:4   warning  Mixed spaces and tabs                         no-mixed-spaces-and-tabs
  247:6   warning  '$' is not defined                            no-undef
  248:4   warning  Mixed spaces and tabs                         no-mixed-spaces-and-tabs
  248:6   warning  'toastr' is not defined                       no-undef
  252:4   warning  Mixed spaces and tabs                         no-mixed-spaces-and-tabs
  252:6   warning  '$' is not defined                            no-undef
  253:4   warning  Mixed spaces and tabs                         no-mixed-spaces-and-tabs
  253:6   warning  'toastr' is not defined                       no-undef
  258:1   warning  '$' is not defined                            no-undef
  260:1   warning  Mixed spaces and tabs                         no-mixed-spaces-and-tabs
  260:11  warning  '$' is not defined                            no-undef
  268:4   warning  Mixed spaces and tabs                         no-mixed-spaces-and-tabs
  268:6   warning  '$' is not defined                            no-undef
  269:4   warning  Mixed spaces and tabs                         no-mixed-spaces-and-tabs
  269:6   warning  'toastr' is not defined                       no-undef
  273:4   warning  Mixed spaces and tabs                         no-mixed-spaces-and-tabs
  273:6   warning  '$' is not defined                            no-undef
  274:4   warning  Mixed spaces and tabs                         no-mixed-spaces-and-tabs
  274:6   warning  'toastr' is not defined                       no-undef
  278:4   warning  Mixed spaces and tabs                         no-mixed-spaces-and-tabs
  278:6   warning  '$' is not defined                            no-undef
  279:4   warning  Mixed spaces and tabs                         no-mixed-spaces-and-tabs
  279:6   warning  'toastr' is not defined                       no-undef
  309:1   warning  '$' is not defined                            no-undef
  311:1   warning  Mixed spaces and tabs                         no-mixed-spaces-and-tabs
  311:12  warning  '$' is not defined                            no-undef
  319:4   warning  Mixed spaces and tabs                         no-mixed-spaces-and-tabs
  319:6   warning  '$' is not defined                            no-undef
  320:4   warning  Mixed spaces and tabs                         no-mixed-spaces-and-tabs
  320:6   warning  'toastr' is not defined                       no-undef
  324:4   warning  Mixed spaces and tabs                         no-mixed-spaces-and-tabs
  324:6   warning  '$' is not defined                            no-undef
  325:4   warning  Mixed spaces and tabs                         no-mixed-spaces-and-tabs
  325:6   warning  'toastr' is not defined                       no-undef
  329:4   warning  Mixed spaces and tabs                         no-mixed-spaces-and-tabs
  329:6   warning  '$' is not defined                            no-undef
  330:4   warning  Mixed spaces and tabs                         no-mixed-spaces-and-tabs
  330:6   warning  'toastr' is not defined                       no-undef
  335:1   warning  '$' is not defined                            no-undef
  338:1   warning  Mixed spaces and tabs                         no-mixed-spaces-and-tabs
  338:6   warning  '$' is not defined                            no-undef
  339:1   warning  Mixed spaces and tabs                         no-mixed-spaces-and-tabs
  339:14  warning  '$' is not defined                            no-undef
  340:1   warning  Mixed spaces and tabs                         no-mixed-spaces-and-tabs
  341:1   warning  Mixed spaces and tabs                         no-mixed-spaces-and-tabs
  342:1   warning  Mixed spaces and tabs                         no-mixed-spaces-and-tabs
  344:1   warning  Mixed spaces and tabs                         no-mixed-spaces-and-tabs
  345:1   warning  Mixed spaces and tabs                         no-mixed-spaces-and-tabs
  345:7   warning  'toastr' is not defined                       no-undef
  346:1   warning  Mixed spaces and tabs                         no-mixed-spaces-and-tabs
  347:1   warning  Mixed spaces and tabs                         no-mixed-spaces-and-tabs
  351:1   warning  Mixed spaces and tabs                         no-mixed-spaces-and-tabs
  351:7   warning  '$' is not defined                            no-undef
  352:1   warning  Mixed spaces and tabs                         no-mixed-spaces-and-tabs
  352:7   warning  '$' is not defined                            no-undef
  353:1   warning  Mixed spaces and tabs                         no-mixed-spaces-and-tabs
  353:7   warning  '$' is not defined                            no-undef
  354:1   warning  Mixed spaces and tabs                         no-mixed-spaces-and-tabs
  355:1   warning  Mixed spaces and tabs                         no-mixed-spaces-and-tabs
  355:10  warning  'tempMasterJson' is not defined               no-undef
  356:1   warning  Mixed spaces and tabs                         no-mixed-spaces-and-tabs
  357:1   warning  Mixed spaces and tabs                         no-mixed-spaces-and-tabs
  358:1   warning  Mixed spaces and tabs                         no-mixed-spaces-and-tabs
  359:1   warning  Mixed spaces and tabs                         no-mixed-spaces-and-tabs
  360:1   warning  Mixed spaces and tabs                         no-mixed-spaces-and-tabs
  361:1   warning  Mixed spaces and tabs                         no-mixed-spaces-and-tabs
  362:1   warning  Mixed spaces and tabs                         no-mixed-spaces-and-tabs
  362:23  warning  'rangeValue1' is not defined                  no-undef
  363:1   warning  Mixed spaces and tabs                         no-mixed-spaces-and-tabs
  364:1   warning  Mixed spaces and tabs                         no-mixed-spaces-and-tabs
  365:1   warning  Mixed spaces and tabs                         no-mixed-spaces-and-tabs
  365:22  warning  'tempMasterJson' is not defined               no-undef
  366:1   warning  Mixed spaces and tabs                         no-mixed-spaces-and-tabs
  367:1   warning  Mixed spaces and tabs                         no-mixed-spaces-and-tabs
  367:7   warning  'MasterJson' is not defined                   no-undef
  368:1   warning  Mixed spaces and tabs                         no-mixed-spaces-and-tabs
  368:19  warning  'MasterJson' is not defined                   no-undef
  369:1   warning  Mixed spaces and tabs                         no-mixed-spaces-and-tabs
  369:7   warning  'Calculation' is not defined                  no-undef
  370:1   warning  Mixed spaces and tabs                         no-mixed-spaces-and-tabs

/home/runner/work/exp-rc-footing-bending-moment-coep/exp-rc-footing-bending-moment-coep/experiment/simulation/src/referTable.js
   1:1  warning  '$' is not defined           no-undef
  15:3  warning  'MasterJson' is not defined  no-undef
  16:2  warning  Mixed spaces and tabs        no-mixed-spaces-and-tabs
  17:2  warning  Mixed spaces and tabs        no-mixed-spaces-and-tabs
  18:2  warning  Mixed spaces and tabs        no-mixed-spaces-and-tabs
  19:2  warning  Mixed spaces and tabs        no-mixed-spaces-and-tabs
  25:2  warning  Mixed spaces and tabs        no-mixed-spaces-and-tabs
  29:3  warning  '$' is not defined           no-undef

/home/runner/work/exp-rc-footing-bending-moment-coep/exp-rc-footing-bending-moment-coep/experiment/simulation/src/timer.js
   6:1  warning  '$' is not defined  no-undef
  21:4  warning  '$' is not defined  no-undef

/home/runner/work/exp-rc-footing-bending-moment-coep/exp-rc-footing-bending-moment-coep/experiment/simulation/src/toastr.min.js
  6:5072  warning  'define' is not defined   no-undef
  6:5083  warning  'define' is not defined   no-undef
  6:5132  warning  'module' is not defined   no-undef
  6:5147  warning  'module' is not defined   no-undef
  6:5164  warning  'require' is not defined  no-undef

✖ 1566 problems (1 error, 1565 warnings)

